uuid,graphic_layer,line,path
2df37064-78de-4de2-8cb5-561fa8cec2d3,Standard,b11ce01e-37ce-4ea7-b3a3-4db89820fde1,"{""type"":""LineString"",""coordinates"":[[0.83615819,0.44262295],[0.84180791,0.44262295],[0.83050847,0.44262295]],""crs"":{""type"":""name"",""properties"":{""name"":""EPSG:4326""}}}"
834e664b-3cff-4fae-8cc1-4cdd7af11516,Standard,ec6f82c5-e834-48d0-84af-a0f070979d65,"{""type"":""LineString"",""coordinates"":[[0.75141243,0.14754098],[0.76271186,0.14754098],[0.75706215,0.14754098]],""crs"":{""type"":""name"",""properties"":{""name"":""EPSG:4326""}}}"
76c9c154-bb98-4112-acde-034bfea3eedf,Standard,2c6d3986-9cf2-4c41-9a40-400e4e0b3112,"{""type"":""LineString"",""coordinates"":[[0.66666667,0.77868852],[0.6779661,0.77868852],[0.67231638,0.77868852]],""crs"":{""type"":""name"",""properties"":{""name"":""EPSG:4326""}}}"
2943f23e-2c36-4e11-9865-1687d782d9ff,Standard,997840bf-8c94-444f-83f1-e9c991706d7c,"{""type"":""LineString"",""coordinates"":[[0.01694915,0.06557377],[0.11864407,0.07377049],[0.06779661,0.07377049],[0.11864407,0.1557377],[0.01694915,0.07377049]],""crs"":{""type"":""name"",""properties"":{""name"":""EPSG:4326""}}}"
a8cd181f-6834-437f-aa9e-6b165504b870,Standard,f0d4491e-eb64-49a0-8fc3-44fa5bd9dcee,"{""type"":""LineString"",""coordinates"":[[0.31073446,0.06557377],[0.25423729,0.06557377],[0.28248588,0.06557377]],""crs"":{""type"":""name"",""properties"":{""name"":""EPSG:4326""}}}"
6df8c538-c0a6-4317-99f3-3068051701d1,Standard,de5aeea7-2505-4f0d-9d53-22a5287ab8b7,"{""type"":""LineString"",""coordinates"":[[0.70056497,0.25409836],[0.69491525,0.25409836],[0.70621469,0.25409836]],""crs"":{""type"":""name"",""properties"":{""name"":""EPSG:4326""}}}"
762d71ac-bff2-4b7d-a3d0-1997e7fc6c9d,Standard,7d9647cb-e7ca-4ecc-a79e-edb1bfbfb666,"{""type"":""LineString"",""coordinates"":[[0.96610169,0.14754098],[0.95480226,0.14754098],[0.96045198,0.14754098]],""crs"":{""type"":""name"",""properties"":{""name"":""EPSG:4326""}}}"
71572ac8-64b8-4d87-b617-dd227be40af2,Standard,3e7e4741-502d-4c8f-bad5-e0c5c6f69958,"{""type"":""LineString"",""coordinates"":[[0.83050847,0.36885246],[0.82485876,0.36885246],[0.81920904,0.36885246]],""crs"":{""type"":""name"",""properties"":{""name"":""EPSG:4326""}}}"
7d30150b-f752-417b-bbed-a6f3ecd2f823,Standard,bf6e54ab-1c74-4ce7-8371-b47e9019bd25,"{""type"":""LineString"",""coordinates"":[[0.02259887,0.07377049],[0.02259887,0.04098361],[0.02259887,0.05737705]],""crs"":{""type"":""name"",""properties"":{""name"":""EPSG:4326""}}}"
0d80286f-437b-44cc-959f-998de3f51893,Standard,b6b655da-54ed-41d8-a331-04e41d2286de,"{""type"":""LineString"",""coordinates"":[[0.09039548,0.75409836],[0.11864407,0.75409836],[0.14689266,0.75409836]],""crs"":{""type"":""name"",""properties"":{""name"":""EPSG:4326""}}}"
59378c39-5361-470c-9974-8dd65fcc3b2b,Standard,e8329717-1626-4c33-b60e-d83e78514014,"{""type"":""LineString"",""coordinates"":[[0.84180791,0.77868852],[0.84745763,0.77868852],[0.83615819,0.77868852]],""crs"":{""type"":""name"",""properties"":{""name"":""EPSG:4326""}}}"
a4ffa7f8-dfd3-4d35-ae30-1eb0b6e6d3f6,Standard,fe19ff1f-8ea4-4ffe-881b-ad8d57c4561a,"{""type"":""LineString"",""coordinates"":[[0.89830508,0.14754098],[0.90960452,0.14754098],[0.9039548,0.14754098]],""crs"":{""type"":""name"",""properties"":{""name"":""EPSG:4326""}}}"
bf3a5270-9bfc-4edb-9ca0-2ba3273c821e,Standard,dcf3c182-18bd-4536-b11f-960c52c3b36e,"{""type"":""LineString"",""coordinates"":[[0.68926554,0.14754098],[0.68361582,0.14754098],[0.69491525,0.14754098]],""crs"":{""type"":""name"",""properties"":{""name"":""EPSG:4326""}}}"
68ab9f6b-21c1-46eb-afde-2974072b3f9e,Standard,442c4813-6272-4cf9-b30b-22f9114bc3db,"{""type"":""LineString"",""coordinates"":[[0.68361582,0.14754098],[0.67231638,0.14754098],[0.6779661,0.14754098]],""crs"":{""type"":""name"",""properties"":{""name"":""EPSG:4326""}}}"
41239a55-df02-4249-84df-18824c2740f4,Standard,9ec195e0-4c9b-48a6-9233-0d770b34705b,"{""type"":""LineString"",""coordinates"":[[0.85875706,0.77868852],[0.85310734,0.77868852],[0.84745763,0.77868852]],""crs"":{""type"":""name"",""properties"":{""name"":""EPSG:4326""}}}"
fb4b559f-3d60-40f8-aa42-6741e8976026,Standard,81f4c585-6170-4a9e-981f-2185a0d7f2ec,"{""type"":""LineString"",""coordinates"":[[0.23163842,0.07377049],[0.23163842,0.1147541],[0.23163842,0.1557377]],""crs"":{""type"":""name"",""properties"":{""name"":""EPSG:4326""}}}"
790513bc-152b-45ac-96c6-9e89f07719c0,Standard,031633ca-bd50-401e-9159-d2258ce6309c,"{""type"":""LineString"",""coordinates"":[[0.9039548,0.04918033],[0.90960452,0.04918033],[0.89830508,0.04918033]],""crs"":{""type"":""name"",""properties"":{""name"":""EPSG:4326""}}}"
c1c61c3b-ca09-4cc7-a9d7-36a3c4214338,Standard,a78fbab6-e680-4c45-9731-97c82f2fb3c8,"{""type"":""LineString"",""coordinates"":[[0.15819209,0.07377049],[0.15819209,0.05737705],[0.15819209,0.04098361]],""crs"":{""type"":""name"",""properties"":{""name"":""EPSG:4326""}}}"
76492511-ec9c-4e2f-be35-4b6091a4d07b,Standard,ddc63e7d-e76a-489b-a05f-97e7dee40794,"{""type"":""LineString"",""coordinates"":[[0.82485876,0.77868852],[0.83050847,0.77868852],[0.83615819,0.77868852]],""crs"":{""type"":""name"",""properties"":{""name"":""EPSG:4326""}}}"
a8182e9b-729e-4097-824c-bb1ffdf76499,Standard,2005c393-edc4-4cc4-80af-ebbde1305b8e,"{""type"":""LineString"",""coordinates"":[[0.73446328,0.96721311],[0.72881356,0.96721311],[0.72316384,0.96721311]],""crs"":{""type"":""name"",""properties"":{""name"":""EPSG:4326""}}}"
064f5cc6-d674-40e8-843f-70e91d79f18f,Standard,f2c37ce1-91d3-43d3-beb3-1fc9a30c87fe,"{""type"":""LineString"",""coordinates"":[[0.89265537,0.14754098],[0.89830508,0.14754098],[0.88700565,0.14754098]],""crs"":{""type"":""name"",""properties"":{""name"":""EPSG:4326""}}}"
576ebbf9-77a7-411e-84f9-192176cfe4b6,Standard,d3d211d9-22f6-42ba-a596-0d0ca1c7e943,"{""type"":""LineString"",""coordinates"":[[0.91525424,0.25409836],[0.90960452,0.25409836],[0.92090395,0.25409836]],""crs"":{""type"":""name"",""properties"":{""name"":""EPSG:4326""}}}"
d7f74d06-26c4-4f97-b45c-e51aa12ab9fe,Standard,71832b7e-b5a2-40d4-82d3-e8f1ba38ace6,"{""type"":""LineString"",""coordinates"":[[0.88700565,0.57377049],[0.89265537,0.57377049],[0.88135593,0.57377049]],""crs"":{""type"":""name"",""properties"":{""name"":""EPSG:4326""}}}"
aba8138c-0b15-446c-94b9-67fc130f9c4b,Standard,d86488f7-cf74-41b4-9d62-e2923d00680f,"{""type"":""LineString"",""coordinates"":[[0.70621469,0.36885246],[0.68926554,0.36885246],[0.68361582,0.36885246]],""crs"":{""type"":""name"",""properties"":{""name"":""EPSG:4326""}}}"
75f3b026-fcc1-4403-844f-8c595cb797c1,Standard,a8b86d8f-a196-4eca-b248-66bc8918f9e6,"{""type"":""LineString"",""coordinates"":[[0.76836158,0.89344262],[0.7740113,0.89344262],[0.77966102,0.89344262]],""crs"":{""type"":""name"",""properties"":{""name"":""EPSG:4326""}}}"
09c5fc01-1148-4ee9-9dca-b1f04954def6,Standard,836bf4ab-38e1-44f5-a082-723fc12e4845,"{""type"":""LineString"",""coordinates"":[[0.95480226,0.67213115],[0.96045198,0.67213115],[0.94915254,0.67213115]],""crs"":{""type"":""name"",""properties"":{""name"":""EPSG:4326""}}}"
74efa478-92b6-442f-9c59-fb15bf064429,Standard,c6d6ca9d-042c-4525-9221-65bfa04477a4,"{""type"":""LineString"",""coordinates"":[[0.79661017,0.36885246],[0.79096045,0.36885246],[0.78531073,0.36885246]],""crs"":{""type"":""name"",""properties"":{""name"":""EPSG:4326""}}}"
d031dde1-6f80-4af1-a1f2-cbb223220469,Standard,4cfd425d-6158-4904-86b5-d16dc47a4778,"{""type"":""LineString"",""coordinates"":[[0.89265537,0.67213115],[0.89830508,0.67213115],[0.9039548,0.67213115]],""crs"":{""type"":""name"",""properties"":{""name"":""EPSG:4326""}}}"
d8f0a014-fdb6-44da-8b0a-abd44e7578c6,Standard,7d68b748-ebe5-430e-95b8-bd0eededa136,"{""type"":""LineString"",""coordinates"":[[0.94350282,0.89344262],[0.92655367,0.89344262],[0.96045198,0.89344262],[0.96045198,0.91803279]],""crs"":{""type"":""name"",""properties"":{""name"":""EPSG:4326""}}}"
90022bb0-1fb8-4b03-8220-30c2fc7bf6c9,Standard,2770ee0b-96ca-4677-9933-8d82643501e3,"{""type"":""LineString"",""coordinates"":[[0.82485876,0.57377049],[0.81920904,0.57377049],[0.81355932,0.57377049]],""crs"":{""type"":""name"",""properties"":{""name"":""EPSG:4326""}}}"
a6870226-3616-4619-9c12-e8d33ca469c5,Standard,95b47f01-829a-46c3-873a-4df11d798c49,"{""type"":""LineString"",""coordinates"":[[0.85875706,0.89344262],[0.84745763,0.89344262],[0.85310734,0.89344262]],""crs"":{""type"":""name"",""properties"":{""name"":""EPSG:4326""}}}"
abed22cb-da71-4459-9221-9b63cb8c672b,Standard,d5d7329a-08a2-4946-8a02-d4a70746d37b,"{""type"":""LineString"",""coordinates"":[[0.79096045,0.96721311],[0.79661017,0.96721311],[0.80225989,0.96721311]],""crs"":{""type"":""name"",""properties"":{""name"":""EPSG:4326""}}}"
d377b2a4-317a-4934-8442-33b32bf55c4b,Standard,9af99daa-1e1e-45a8-bbed-c77e47ba4f8a,"{""type"":""LineString"",""coordinates"":[[0.71186441,0.77868852],[0.70621469,0.77868852],[0.70056497,0.77868852]],""crs"":{""type"":""name"",""properties"":{""name"":""EPSG:4326""}}}"
8df4fa46-3c96-4229-9d6a-262cc80ed213,Standard,d74febce-1b8d-4f51-9721-5eb1866d6b4e,"{""type"":""LineString"",""coordinates"":[[0.15819209,0.0],[0.15819209,0.0204918],[0.15819209,0.04098361]],""crs"":{""type"":""name"",""properties"":{""name"":""EPSG:4326""}}}"
28c5c34c-a3bb-4f11-88da-6bf48d718eca,Standard,0f9bf171-b79b-4009-8b0b-6ec18c523ebf,"{""type"":""LineString"",""coordinates"":[[0.76836158,0.67213115],[0.75706215,0.67213115],[0.76271186,0.67213115]],""crs"":{""type"":""name"",""properties"":{""name"":""EPSG:4326""}}}"
37d550c7-c9c4-48c3-b2b6-4c120c095dec,Standard,1372ca57-8429-43c6-a589-a402de4ac7f9,"{""type"":""LineString"",""coordinates"":[[0.93785311,0.14754098],[0.93220339,0.14754098],[0.94350282,0.14754098]],""crs"":{""type"":""name"",""properties"":{""name"":""EPSG:4326""}}}"
a17da6b8-ee9a-4ea4-83b4-97ed6a95cfeb,Standard,17e2286d-65ca-4948-8a6c-63bdc13a9b50,"{""type"":""LineString"",""coordinates"":[[0.99435028,0.57377049],[0.99435028,0.91803279],[0.99435028,0.74590164],[0.96045198,0.57377049]],""crs"":{""type"":""name"",""properties"":{""name"":""EPSG:4326""}}}"
d969661d-d4dc-4544-95aa-54baebea0e8f,Standard,a102f0f4-e86d-438c-95a9-d3fc6357121f,"{""type"":""LineString"",""coordinates"":[[0.9039548,0.57377049],[0.91525424,0.57377049],[0.90960452,0.57377049]],""crs"":{""type"":""name"",""properties"":{""name"":""EPSG:4326""}}}"
731d0c51-6405-43f9-ab85-2ee7039cbef5,Standard,0a068504-0bd7-4484-a0e3-26afade14698,"{""type"":""LineString"",""coordinates"":[[0.0960452,0.14754098],[0.0960452,0.1147541],[0.0960452,0.13114754]],""crs"":{""type"":""name"",""properties"":{""name"":""EPSG:4326""}}}"
75c4a953-e8af-496f-b844-0e201f12c8da,Standard,e1315733-0b28-4465-8367-fa4535d282fa,"{""type"":""LineString"",""coordinates"":[[0.86440678,0.14754098],[0.8700565,0.14754098],[0.87570621,0.14754098]],""crs"":{""type"":""name"",""properties"":{""name"":""EPSG:4326""}}}"
69c87952-34ed-4092-8522-dd2c66ac48f5,Standard,eb1cd362-f3bd-4411-a45d-a237bcb07789,"{""type"":""LineString"",""coordinates"":[[0.76836158,0.89344262],[0.75706215,0.89344262],[0.76271186,0.89344262]],""crs"":{""type"":""name"",""properties"":{""name"":""EPSG:4326""}}}"
11bdeb21-cd02-48b2-bd54-b1adf2e96ecf,Standard,0f11e5d6-f850-463b-8d74-6fdf91fad535,"{""type"":""LineString"",""coordinates"":[[0.97175141,0.84836159],[0.97175141,0.91803279],[0.96045198,0.77868852],[0.97175141,0.77868852]],""crs"":{""type"":""name"",""properties"":{""name"":""EPSG:4326""}}}"
d37ce273-2b19-445b-aa00-ee2a13153e14,Standard,e357bf93-aaa3-4870-b6a4-6d2cdb8967da,"{""type"":""LineString"",""coordinates"":[[0.88700565,0.36885246],[0.87570621,0.36885246],[0.88135593,0.36885246]],""crs"":{""type"":""name"",""properties"":{""name"":""EPSG:4326""}}}"
58b6d4fc-b31d-4909-ba77-0b4c7bb2125a,Standard,7fa87646-f182-4d67-9ffd-850f489fb24a,"{""type"":""LineString"",""coordinates"":[[0.66666667,0.67213115],[0.67231638,0.67213115],[0.6779661,0.67213115]],""crs"":{""type"":""name"",""properties"":{""name"":""EPSG:4326""}}}"
c1fd7798-e4fd-4cfb-af81-2cf23744637c,Standard,5f8eb2b8-0f98-4011-bc3a-b182285be4db,"{""type"":""LineString"",""coordinates"":[[0.81920904,0.44262295],[0.83050847,0.44262295],[0.82485876,0.44262295]],""crs"":{""type"":""name"",""properties"":{""name"":""EPSG:4326""}}}"
2aa712e6-4fbb-40e4-baac-a0c2ecd7a8be,Standard,0ffacffd-4f3f-465b-8525-bc22facc45da,"{""type"":""LineString"",""coordinates"":[[0.17514124,0.57377049],[0.14689266,0.57377049],[0.20338983,0.57377049]],""crs"":{""type"":""name"",""properties"":{""name"":""EPSG:4326""}}}"
74887fe3-c3a5-4919-8b77-743e3f2c5bd4,Standard,d48db7e8-5fde-456f-8b17-02d18a5a2e32,"{""type"":""LineString"",""coordinates"":[[0.31073446,0.1557377],[0.25423729,0.1557377],[0.28248588,0.1557377]],""crs"":{""type"":""name"",""properties"":{""name"":""EPSG:4326""}}}"
8b7a0eb4-e725-4416-ac52-3810059bfc5c,Standard,95644bf5-8dca-4409-bb04-7d4e9a24fa03,"{""type"":""LineString"",""coordinates"":[[0.63841808,0.14754098],[0.63276836,0.14754098],[0.62711864,0.14754098]],""crs"":{""type"":""name"",""properties"":{""name"":""EPSG:4326""}}}"
bbca471b-16c1-4981-8414-b6bf87274cae,Standard,80332374-76fe-4d06-adde-e2197f88fe6e,"{""type"":""LineString"",""coordinates"":[[0.79661017,0.57377049],[0.80225989,0.57377049],[0.77966102,0.57377049]],""crs"":{""type"":""name"",""properties"":{""name"":""EPSG:4326""}}}"
b634d0e8-330a-40ac-bf97-0caa01370bcf,Standard,6862b157-39c8-47d2-b31c-e418e1bad9a2,"{""type"":""LineString"",""coordinates"":[[0.68926554,0.77868852],[0.69491525,0.77868852],[0.70056497,0.77868852]],""crs"":{""type"":""name"",""properties"":{""name"":""EPSG:4326""}}}"
1d22d39f-e8b0-43b3-ab64-67ea9c72e892,Standard,6f875559-5af0-47a9-9f0e-f1d8332f9230,"{""type"":""LineString"",""coordinates"":[[0.81355932,0.96721311],[0.8079096,0.96721311],[0.80225989,0.96721311]],""crs"":{""type"":""name"",""properties"":{""name"":""EPSG:4326""}}}"
bd52fae7-5d39-4718-a9f5-737d6e4ac693,Standard,87a41d29-ad67-4bd6-a5b7-9d1414b38c6e,"{""type"":""LineString"",""coordinates"":[[0.89265537,0.89344262],[0.9039548,0.89344262],[0.89830508,0.89344262]],""crs"":{""type"":""name"",""properties"":{""name"":""EPSG:4326""}}}"
4ca6d6bc-9616-4f26-a953-b04c20364f56,Standard,1a52eb5c-a8a1-4b69-9aac-138e425d835b,"{""type"":""LineString"",""coordinates"":[[0.88700565,0.04918033],[0.87570621,0.04918033],[0.88135593,0.04918033]],""crs"":{""type"":""name"",""properties"":{""name"":""EPSG:4326""}}}"
b6e8a3b1-e76e-4788-960f-79afcd82cd8f,Standard,1c23e300-0ad5-4b90-ac74-b9763e579268,"{""type"":""LineString"",""coordinates"":[[0.22033898,0.0204918],[0.22033898,0.04098361],[0.22033898,0.0]],""crs"":{""type"":""name"",""properties"":{""name"":""EPSG:4326""}}}"
890090ef-f4f2-4ff6-b11b-9eda935b67c5,Standard,16b934cc-98c6-42b9-9005-be4bf7365693,"{""type"":""LineString"",""coordinates"":[[0.22881291,0.57377049],[0.25423729,0.57377049],[0.20338983,0.57377049]],""crs"":{""type"":""name"",""properties"":{""name"":""EPSG:4326""}}}"
a6a4da26-f67b-4ef9-aef8-c072a664c473,Standard,7cc28881-dec6-4baa-ad77-d4a2ea3cdd68,"{""type"":""LineString"",""coordinates"":[[0.02259887,0.0],[0.02259887,0.0204918],[0.02259887,0.04098361]],""crs"":{""type"":""name"",""properties"":{""name"":""EPSG:4326""}}}"
7db35bba-5e4d-4964-abbe-a2e18b630f59,Standard,08d39ce3-e843-49bd-9b46-1fe927a1d4be,"{""type"":""LineString"",""coordinates"":[[0.77966102,0.25409836],[0.7740113,0.25409836],[0.78531073,0.25409836]],""crs"":{""type"":""name"",""properties"":{""name"":""EPSG:4326""}}}"
bef95efd-2cd8-472f-831d-c3bd3c207aa3,Standard,58105b87-e27d-4d7f-b492-42434801bdf7,"{""type"":""LineString"",""coordinates"":[[0.73446328,0.89344262],[0.74576271,0.89344262],[0.74011299,0.89344262]],""crs"":{""type"":""name"",""properties"":{""name"":""EPSG:4326""}}}"
7fdceb5a-d837-4672-a25c-3ef1c4b021f1,Standard,cd994d2f-b62e-4ab9-8f4c-e5357fd04af7,"{""type"":""LineString"",""coordinates"":[[0.71751412,0.14754098],[0.72316384,0.14754098],[0.72881356,0.14754098]],""crs"":{""type"":""name"",""properties"":{""name"":""EPSG:4326""}}}"
91bf20e1-1a3b-4b69-b55b-a4ab8a5b3ae9,Standard,445cc0c8-70b8-47d4-987f-308269b845a3,"{""type"":""LineString"",""coordinates"":[[0.61581921,0.89344262],[0.62146893,0.89344262],[0.61016949,0.89344262]],""crs"":{""type"":""name"",""properties"":{""name"":""EPSG:4326""}}}"
4c56b3b5-fa87-4f28-a448-8b0c18e4fa5b,Standard,d8d23da6-be08-4ace-8d93-70c0faab1505,"{""type"":""LineString"",""coordinates"":[[0.92090395,0.04918033],[0.90960452,0.04918033],[0.91525424,0.04918033]],""crs"":{""type"":""name"",""properties"":{""name"":""EPSG:4326""}}}"
4e955f6a-da29-4020-874c-7608dbf744db,Standard,ca765f8e-2a05-40fb-80b8-41e02887fa46,"{""type"":""LineString"",""coordinates"":[[0.75706215,0.67213115],[0.75141243,0.67213115],[0.74576271,0.67213115]],""crs"":{""type"":""name"",""properties"":{""name"":""EPSG:4326""}}}"
f6991b3a-2ada-49cf-abf1-a63a965f014c,Standard,22d61b21-2a7d-4be8-b14b-f0d72e1c5ba7,"{""type"":""LineString"",""coordinates"":[[0.8079096,0.04918033],[0.81355932,0.04918033],[0.81920904,0.04918033]],""crs"":{""type"":""name"",""properties"":{""name"":""EPSG:4326""}}}"
36b52d45-0e51-46b2-9831-aa3fb3ff3c37,Standard,c49d1581-a0c6-493f-9534-39f97970492b,"{""type"":""LineString"",""coordinates"":[[0.81355932,0.67213115],[0.81920904,0.67213115],[0.82485876,0.67213115]],""crs"":{""type"":""name"",""properties"":{""name"":""EPSG:4326""}}}"
30a58ed2-09d8-4e43-9aff-7b9f1e3e1f73,Standard,7df282f5-2e54-4220-8276-087634415be8,"{""type"":""LineString"",""coordinates"":[[0.73446328,0.44262295],[0.72881356,0.44262295],[0.74011299,0.44262295]],""crs"":{""type"":""name"",""properties"":{""name"":""EPSG:4326""}}}"
de4bc4d5-2d9e-405d-b63d-6e6534de49e1,Standard,ffdd2907-38ed-4a39-89de-9435e97dadc0,"{""type"":""LineString"",""coordinates"":[[0.76836158,0.25409836],[0.7740113,0.25409836],[0.76271186,0.25409836]],""crs"":{""type"":""name"",""properties"":{""name"":""EPSG:4326""}}}"
606bfb84-710f-493d-8726-c3293352134c,Standard,1cf0cb95-28b9-4dc1-82b9-3466d7d870cc,"{""type"":""LineString"",""coordinates"":[[0.68926554,0.67213115],[0.68361582,0.67213115],[0.6779661,0.67213115]],""crs"":{""type"":""name"",""properties"":{""name"":""EPSG:4326""}}}"
7548e909-99a8-426b-9c9a-7551e6fc7a87,Standard,13ea7170-5fc1-4ed8-be71-0a91a9e5df99,"{""type"":""LineString"",""coordinates"":[[0.77966102,0.67213115],[0.79096045,0.67213115],[0.78531073,0.67213115]],""crs"":{""type"":""name"",""properties"":{""name"":""EPSG:4326""}}}"
9944a608-7e0a-4325-963f-76110bbe81b7,Standard,b672be06-2cbc-4510-8a96-34647985e9d5,"{""type"":""LineString"",""coordinates"":[[0.92090395,0.14754098],[0.93220339,0.14754098],[0.92655367,0.14754098]],""crs"":{""type"":""name"",""properties"":{""name"":""EPSG:4326""}}}"
badf084a-59db-4de6-bf6d-48f988378609,Standard,14f9eef8-8550-45fa-a3f0-f583624556e7,"{""type"":""LineString"",""coordinates"":[[0.83050847,0.25409836],[0.82485876,0.25409836],[0.81920904,0.25409836]],""crs"":{""type"":""name"",""properties"":{""name"":""EPSG:4326""}}}"
7d5ff8b0-0692-4a90-bd37-24f4d8d61b98,Standard,13cfe1fb-1cec-4c17-baf8-b7dcb9f744cd,"{""type"":""LineString"",""coordinates"":[[0.93220339,0.36885246],[0.94915254,0.36885246],[0.96610169,0.39344262],[0.96610169,0.36885246]],""crs"":{""type"":""name"",""properties"":{""name"":""EPSG:4326""}}}"
7c9a8ae8-b024-4bf6-ade7-154fd3f39d7a,Standard,746fa279-2acf-4aa1-b3e1-8d312d66058a,"{""type"":""LineString"",""coordinates"":[[0.9039548,0.77868852],[0.91525424,0.77868852],[0.90960452,0.77868852]],""crs"":{""type"":""name"",""properties"":{""name"":""EPSG:4326""}}}"
eb5e4437-0f18-43c1-9e51-51bcfc038bea,Standard,37c8ebe1-5d29-4806-a84a-fc00e4279fa6,"{""type"":""LineString"",""coordinates"":[[0.22881291,0.06557377],[0.25423729,0.06557377],[0.20338983,0.06557377]],""crs"":{""type"":""name"",""properties"":{""name"":""EPSG:4326""}}}"
38c4a4da-68e5-4702-9efa-70f2a6499346,Standard,1a5bb799-bc03-4de9-a8a1-9a0616ea3add,"{""type"":""LineString"",""coordinates"":[[0.81920904,0.77868852],[0.81355932,0.77868852],[0.82485876,0.77868852]],""crs"":{""type"":""name"",""properties"":{""name"":""EPSG:4326""}}}"
f1c8cd3e-5521-4539-8e13-aa5149272297,Standard,7f2e8019-f650-42b7-bd39-6895cb9c4d9f,"{""type"":""LineString"",""coordinates"":[[0.85875706,0.67213115],[0.8700565,0.67213115],[0.86440678,0.67213115]],""crs"":{""type"":""name"",""properties"":{""name"":""EPSG:4326""}}}"
e918bf04-3eb3-4a6d-9173-20ed223f0628,Standard,31c8715f-7b85-4243-8908-69cf8b2c1525,"{""type"":""LineString"",""coordinates"":[[0.87570621,0.89344262],[0.8700565,0.89344262],[0.88135593,0.89344262]],""crs"":{""type"":""name"",""properties"":{""name"":""EPSG:4326""}}}"
643e73ad-b1dd-4965-8e27-f7a5aac9b2f5,Standard,5157574f-5e67-4574-81a3-686b97a893ff,"{""type"":""LineString"",""coordinates"":[[0.77966102,0.44262295],[0.78531073,0.44262295],[0.7740113,0.44262295]],""crs"":{""type"":""name"",""properties"":{""name"":""EPSG:4326""}}}"
b175f10d-452b-48a1-a536-b8ae8fc1241e,Standard,b140dccb-7251-496b-9402-06ebd13048c2,"{""type"":""LineString"",""coordinates"":[[0.62711864,0.36885246],[0.63841808,0.36885246],[0.63276836,0.36885246]],""crs"":{""type"":""name"",""properties"":{""name"":""EPSG:4326""}}}"
09a046f1-f148-40aa-afeb-6592859da87d,Standard,094a0827-54d8-4ed9-bb8f-2766db020c87,"{""type"":""LineString"",""coordinates"":[[0.70056497,0.89344262],[0.6779661,0.89344262],[0.68361582,0.89344262]],""crs"":{""type"":""name"",""properties"":{""name"":""EPSG:4326""}}}"
5afd84df-08c8-45af-b542-42eefdcb78b6,Standard,1c81ee69-fb75-4bea-bfa9-f627850f9e6b,"{""type"":""LineString"",""coordinates"":[[0.84745763,0.04918033],[0.83050847,0.04918033],[0.85310734,0.04918033]],""crs"":{""type"":""name"",""properties"":{""name"":""EPSG:4326""}}}"
25e39498-b841-4c6f-bbac-2365e141f950,Standard,8619b18b-8b32-4013-9b3a-6aab514b73cc,"{""type"":""LineString"",""coordinates"":[[0.93785311,0.04918033],[0.94350282,0.04918033],[0.93220339,0.04918033]],""crs"":{""type"":""name"",""properties"":{""name"":""EPSG:4326""}}}"
b36d0168-6936-49f6-92f3-8755988c11e9,Standard,76f097c5-173f-4fee-b6db-190792922d0e,"{""type"":""LineString"",""coordinates"":[[0.03954802,0.68032787],[0.03954802,0.57377049],[0.09039548,0.57377049],[0.03954802,0.78688525]],""crs"":{""type"":""name"",""properties"":{""name"":""EPSG:4326""}}}"
6c8e7b09-25bc-47fb-b94d-fda79b2a7587,Standard,5ff3f25d-ef1d-4ba2-ba1e-b387965a839a,"{""type"":""LineString"",""coordinates"":[[0.81355932,0.36885246],[0.8079096,0.36885246],[0.81920904,0.36885246]],""crs"":{""type"":""name"",""properties"":{""name"":""EPSG:4326""}}}"
fd79934e-7893-4948-8d5d-f7bad5afec35,Standard,5450f675-565b-4156-9d64-ff4cfeea96d3,"{""type"":""LineString"",""coordinates"":[[0.68926554,0.77868852],[0.68361582,0.77868852],[0.6779661,0.77868852]],""crs"":{""type"":""name"",""properties"":{""name"":""EPSG:4326""}}}"
19c31421-6513-4f44-883b-586d45bbe732,Standard,8cc7bf8e-226d-41c9-9cd0-7524ea9186f7,"{""type"":""LineString"",""coordinates"":[[0.92090395,0.89344262],[0.91525424,0.89344262],[0.92655367,0.89344262]],""crs"":{""type"":""name"",""properties"":{""name"":""EPSG:4326""}}}"
79a153b2-2b64-4b59-bbe5-946a3c0073bd,Standard,c3206971-b22f-4090-826b-e08d4bc8ffad,"{""type"":""LineString"",""coordinates"":[[0.20338983,0.24590164],[0.25423729,0.24590164],[0.22881421,0.24590164]],""crs"":{""type"":""name"",""properties"":{""name"":""EPSG:4326""}}}"
0cff94f9-313a-407e-9261-659d48c4d22a,Standard,ca425259-fab4-4dc1-99c9-c19031121645,"{""type"":""LineString"",""coordinates"":[[0.92090395,0.77868852],[0.92655367,0.77868852],[0.91525424,0.77868852]],""crs"":{""type"":""name"",""properties"":{""name"":""EPSG:4326""}}}"
ccacd75f-b7ad-43cb-9747-84e2fcf53ebd,Standard,09083d14-02aa-40a3-9948-86e86883bda1,"{""type"":""LineString"",""coordinates"":[[0.73446328,0.96721311],[0.75706215,0.96721311],[0.74011299,0.96721311]],""crs"":{""type"":""name"",""properties"":{""name"":""EPSG:4326""}}}"
28b087ec-86fc-4701-b3b2-5a9b3c8e873e,Standard,04d02ea8-ba96-4a7f-969d-d25e201e32c6,"{""type"":""LineString"",""coordinates"":[[0.94915254,0.57377049],[0.93785311,0.57377049],[0.96045198,0.57377049]],""crs"":{""type"":""name"",""properties"":{""name"":""EPSG:4326""}}}"
d2f946ca-00f5-4f0f-be6c-eed2c34180d5,Standard,94071ac7-ae51-4e45-8795-9d10bda616e9,"{""type"":""LineString"",""coordinates"":[[0.02259887,0.1147541],[0.02259887,0.13114754],[0.02259887,0.14754098]],""crs"":{""type"":""name"",""properties"":{""name"":""EPSG:4326""}}}"
99333f9f-7f11-49e4-b97e-97956c7e6116,Standard,ce640cab-6f6d-4fd1-b652-009bec4c596b,"{""type"":""LineString"",""coordinates"":[[0.84180791,0.89344262],[0.83615819,0.89344262],[0.84745763,0.89344262]],""crs"":{""type"":""name"",""properties"":{""name"":""EPSG:4326""}}}"
c41cc825-581d-4aea-a08f-794c8be52c9b,Standard,d2cd0ac6-ffbb-43f3-94c1-e10344eea594,"{""type"":""LineString"",""coordinates"":[[0.84180791,0.14754098],[0.83615819,0.14754098],[0.83050847,0.14754098]],""crs"":{""type"":""name"",""properties"":{""name"":""EPSG:4326""}}}"
26138708-ff02-48c2-a465-a8b5e5d165a8,Standard,25a1e96e-b425-48bf-a3ae-dc54ea9da47f,"{""type"":""LineString"",""coordinates"":[[0.03954802,0.27868852],[0.03954802,0.17213115],[0.03954802,0.06557377],[0.09039548,0.06557377]],""crs"":{""type"":""name"",""properties"":{""name"":""EPSG:4326""}}}"
271af476-bfb4-4dfd-8de9-4a447259c4ea,Standard,230eae02-e233-4975-9cbb-268d0af4a492,"{""type"":""LineString"",""coordinates"":[[0.88700565,0.36885246],[0.89265537,0.36885246],[0.89830508,0.36885246]],""crs"":{""type"":""name"",""properties"":{""name"":""EPSG:4326""}}}"
94d96ee4-5d07-4b1b-a369-d8efb100c5e5,Standard,a9a94bc3-fa83-410a-9e71-38807e8d121c,"{""type"":""LineString"",""coordinates"":[[0.74576271,0.89344262],[0.75706215,0.89344262],[0.75141243,0.89344262]],""crs"":{""type"":""name"",""properties"":{""name"":""EPSG:4326""}}}"
70d56f26-5aff-44a5-b9af-e0141256ab38,Standard,76d82f19-65d7-447d-a14c-95d050139fa5,"{""type"":""LineString"",""coordinates"":[[0.90960452,0.89344262],[0.91525424,0.89344262],[0.9039548,0.89344262]],""crs"":{""type"":""name"",""properties"":{""name"":""EPSG:4326""}}}"
d923185a-03a0-484b-a66d-08f4757aadf7,Standard,2d552f15-6871-4e09-84b1-003da098d909,"{""type"":""LineString"",""coordinates"":[[0.09039548,0.1557377],[0.11864407,0.1557377],[0.14689266,0.1557377]],""crs"":{""type"":""name"",""properties"":{""name"":""EPSG:4326""}}}"
37e7a43e-7216-4178-81c1-08c1bbc82b26,Standard,5c26821d-ea3b-4a00-8d42-1486710a2ca5,"{""type"":""LineString"",""coordinates"":[[0.78531073,0.14754098],[0.79661017,0.14754098],[0.79096045,0.14754098]],""crs"":{""type"":""name"",""properties"":{""name"":""EPSG:4326""}}}"
d3484467-529b-4f61-b8a1-fa4dfae30c31,Standard,764eccc0-09cc-4c7a-bf76-33259938530c,"{""type"":""LineString"",""coordinates"":[[0.85875706,0.77868852],[0.8700565,0.77868852],[0.86440678,0.77868852]],""crs"":{""type"":""name"",""properties"":{""name"":""EPSG:4326""}}}"
acb8900a-00d8-4ad2-86d5-eb04bd663251,Standard,a2a8bc02-02a9-40d8-9495-058c04d7df89,"{""type"":""LineString"",""coordinates"":[[0.89265537,0.77868852],[0.88135593,0.77868852],[0.88700565,0.77868852]],""crs"":{""type"":""name"",""properties"":{""name"":""EPSG:4326""}}}"
49330239-a43c-47c9-82cb-f65469f2265a,Standard,d00ddea9-83f7-411a-9da6-f9607ffb3c87,"{""type"":""LineString"",""coordinates"":[[0.62711864,0.67213115],[0.63276836,0.67213115],[0.62146893,0.67213115]],""crs"":{""type"":""name"",""properties"":{""name"":""EPSG:4326""}}}"
2e32f0e7-43fd-4f42-8376-ce687378e5aa,Standard,8885b761-4c1a-4924-be8a-b8f474d8f629,"{""type"":""LineString"",""coordinates"":[[0.15819209,0.18852459],[0.15819209,0.20901733],[0.15819209,0.2295082]],""crs"":{""type"":""name"",""properties"":{""name"":""EPSG:4326""}}}"
31dab450-fe89-4ede-99e2-cba361671910,Standard,b714db4a-db55-4957-b503-2300559bb81f,"{""type"":""LineString"",""coordinates"":[[0.20338983,0.1557377],[0.14689266,0.1557377],[0.17514124,0.1557377]],""crs"":{""type"":""name"",""properties"":{""name"":""EPSG:4326""}}}"
fd9f1ff2-8ac3-44a6-a65d-9f8344c68b32,Standard,3029d722-91ec-4e45-9243-d267222b6c8e,"{""type"":""LineString"",""coordinates"":[[0.93220339,0.25409836],[0.94350282,0.25409836],[0.93785311,0.25409836]],""crs"":{""type"":""name"",""properties"":{""name"":""EPSG:4326""}}}"
7c1b6af1-952c-4304-8d69-da1a0d14b955,Standard,8add0020-bc20-4aaa-9ad3-fa1a1a5ef376,"{""type"":""LineString"",""coordinates"":[[0.7740113,0.36885246],[0.76271186,0.36885246],[0.76836158,0.36885246]],""crs"":{""type"":""name"",""properties"":{""name"":""EPSG:4326""}}}"
fc601178-3ca7-48f9-8a07-e9fb3751d3e0,Standard,9e9550e6-a601-4633-96a1-20220893ce00,"{""type"":""LineString"",""coordinates"":[[0.79096045,0.89344262],[0.78531073,0.89344262],[0.77966102,0.89344262]],""crs"":{""type"":""name"",""properties"":{""name"":""EPSG:4326""}}}"
db40acda-255e-4d7c-828a-e52619f60666,Standard,98a4759c-696b-4c99-b339-cf39ecc76ba7,"{""type"":""LineString"",""coordinates"":[[0.09039548,0.66393443],[0.11864407,0.66393443],[0.14689266,0.66393443]],""crs"":{""type"":""name"",""properties"":{""name"":""EPSG:4326""}}}"
702afdf5-0671-4f37-b888-5342fa3474de,Standard,184c0d91-3f4b-4816-a82d-519e4bcd7ee9,"{""type"":""LineString"",""coordinates"":[[0.31073446,0.75409836],[0.25423729,0.75409836],[0.28248588,0.75409836]],""crs"":{""type"":""name"",""properties"":{""name"":""EPSG:4326""}}}"
df3c35c9-4b1b-477b-9722-3162aafc1487,Standard,2424f0ab-9f83-464e-a960-093ab14a2bb5,"{""type"":""LineString"",""coordinates"":[[0.77966102,0.14754098],[0.7740113,0.14754098],[0.78531073,0.14754098]],""crs"":{""type"":""name"",""properties"":{""name"":""EPSG:4326""}}}"
31f65061-b502-4249-83c0-47d10513255c,Standard,cadd7ca5-2b70-4bcc-83d0-867df8b6d0a3,"{""type"":""LineString"",""coordinates"":[[0.63841808,0.67213115],[0.6440678,0.67213115],[0.63276836,0.67213115]],""crs"":{""type"":""name"",""properties"":{""name"":""EPSG:4326""}}}"
4506a9cb-e391-43f7-ba75-88f376b40cf1,Standard,d7c951cc-2e8f-40d0-b310-03fbdb9b0558,"{""type"":""LineString"",""coordinates"":[[0.88135593,0.25409836],[0.88700565,0.25409836],[0.87570621,0.25409836]],""crs"":{""type"":""name"",""properties"":{""name"":""EPSG:4326""}}}"
57ecdb3b-20dd-453d-8333-2961984499b2,Standard,876998db-5326-4257-b2d1-a4722265f51d,"{""type"":""LineString"",""coordinates"":[[0.22033898,0.16803372],[0.22033898,0.14754098],[0.22033898,0.18852459]],""crs"":{""type"":""name"",""properties"":{""name"":""EPSG:4326""}}}"
00af0ca8-e5ba-4bcc-93e2-d876e5fe5f2d,Standard,7cfd5184-c217-42b9-be09-7ed413d7a11e,"{""type"":""LineString"",""coordinates"":[[0.77966102,0.96721311],[0.77966102,0.97540984],[0.77966102,0.98360656]],""crs"":{""type"":""name"",""properties"":{""name"":""EPSG:4326""}}}"
272469ff-22c6-4f7f-ac31-b4bec6d952af,Standard,8a09b9b8-6c9f-4dc7-a5a5-fe5d22b5809a,"{""type"":""LineString"",""coordinates"":[[0.84745763,0.25409836],[0.84180791,0.25409836],[0.85310734,0.25409836]],""crs"":{""type"":""name"",""properties"":{""name"":""EPSG:4326""}}}"
351b1bbd-8daf-427c-a18b-4fa6597db574,Standard,81578256-7c89-4651-8863-31fd206c628c,"{""type"":""LineString"",""coordinates"":[[0.72881356,0.36885246],[0.70621469,0.36885246],[0.72316384,0.36885246]],""crs"":{""type"":""name"",""properties"":{""name"":""EPSG:4326""}}}"
7f9e41b0-3a43-4107-98e7-e1763ebc0db8,Standard,42828cac-b67e-4d5c-b4fa-787c57f16fde,"{""type"":""LineString"",""coordinates"":[[0.22033898,0.07377049],[0.22033898,0.04098361],[0.12429379,0.04098361],[0.02824859,0.06557377],[0.02824859,0.04098361]],""crs"":{""type"":""name"",""properties"":{""name"":""EPSG:4326""}}}"
f0e55d77-f8a0-4f63-b039-013a39f06539,Standard,d59a733b-b7c6-401b-8e38-653e0cb72b5c,"{""type"":""LineString"",""coordinates"":[[0.78531073,0.45901639],[0.78531073,0.44262295],[0.78531073,0.45081967]],""crs"":{""type"":""name"",""properties"":{""name"":""EPSG:4326""}}}"
d012e1ac-4919-4b5a-aaec-80cb2c8ef488,Standard,c87706ad-37ff-4419-b4bc-4607d780498e,"{""type"":""LineString"",""coordinates"":[[0.85875706,0.25409836],[0.85310734,0.25409836],[0.86440678,0.25409836]],""crs"":{""type"":""name"",""properties"":{""name"":""EPSG:4326""}}}"
a93405e4-5473-437e-97d1-a0ea6a907b09,Standard,7bc8b609-baba-4afe-8cec-866d74e91e43,"{""type"":""LineString"",""coordinates"":[[0.8700565,0.67213115],[0.88135593,0.67213115],[0.87570621,0.67213115]],""crs"":{""type"":""name"",""properties"":{""name"":""EPSG:4326""}}}"
00ce0bad-3efa-443d-8eed-968cc3132cf8,Standard,75098182-83b1-40ae-baaf-95f1e1f93250,"{""type"":""LineString"",""coordinates"":[[0.63841808,0.14754098],[0.6440678,0.14754098],[0.64971751,0.14754098]],""crs"":{""type"":""name"",""properties"":{""name"":""EPSG:4326""}}}"
8d0a5ac8-10bf-4e3e-afb5-b60f9bf317d9,Standard,0c73890d-adfa-4936-966f-8e527c06bdbe,"{""type"":""LineString"",""coordinates"":[[0.67231638,0.36885246],[0.6779661,0.36885246],[0.68361582,0.36885246]],""crs"":{""type"":""name"",""properties"":{""name"":""EPSG:4326""}}}"
14080b5a-f167-4d9f-bd93-c822c069807f,Standard,56603d19-84d5-4c2f-a42c-92777602999a,"{""type"":""LineString"",""coordinates"":[[0.79096045,0.25409836],[0.78531073,0.25409836],[0.79661017,0.25409836]],""crs"":{""type"":""name"",""properties"":{""name"":""EPSG:4326""}}}"
24b27c1d-1816-4855-bb80-96ca34ded7c1,Standard,f6c9e202-6548-405e-9969-bc4ae68ef7c1,"{""type"":""LineString"",""coordinates"":[[0.81920904,0.44262295],[0.81355932,0.44262295],[0.8079096,0.44262295]],""crs"":{""type"":""name"",""properties"":{""name"":""EPSG:4326""}}}"
e063a648-77d9-43ef-974f-10cbae21da06,Standard,63856192-b60e-48a5-83a3-94422a79e79e,"{""type"":""LineString"",""coordinates"":[[0.75706215,0.36885246],[0.75141243,0.36885246],[0.76271186,0.36885246]],""crs"":{""type"":""name"",""properties"":{""name"":""EPSG:4326""}}}"
fad21258-86aa-4a48-a05b-73bbb3ad3dbd,Standard,7263918d-4331-43af-bd10-8c06bd2b8667,"{""type"":""LineString"",""coordinates"":[[0.71186441,0.67213115],[0.72316384,0.67213115],[0.71751412,0.67213115]],""crs"":{""type"":""name"",""properties"":{""name"":""EPSG:4326""}}}"
446be4bd-f603-4b51-9387-39cf2aa66b2a,Standard,5763fe56-89a4-4407-ba41-c1a528dd50a0,"{""type"":""LineString"",""coordinates"":[[0.63276836,0.89344262],[0.64971751,0.89344262],[0.65536723,0.89344262]],""crs"":{""type"":""name"",""properties"":{""name"":""EPSG:4326""}}}"
00f67881-6f00-41b0-9377-489c08522513,Standard,09fdfecb-1ea0-4b99-a7bd-caad84afe160,"{""type"":""LineString"",""coordinates"":[[0.86440678,0.36885246],[0.85875706,0.36885246],[0.85310734,0.36885246]],""crs"":{""type"":""name"",""properties"":{""name"":""EPSG:4326""}}}"
59151ef3-be46-4c4d-a2d4-c6a562a0952d,Standard,a5106b6a-42b2-42d0-b5b3-a4656541abfa,"{""type"":""LineString"",""coordinates"":[[0.75706215,0.25409836],[0.75141243,0.25409836],[0.76271186,0.25409836]],""crs"":{""type"":""name"",""properties"":{""name"":""EPSG:4326""}}}"
98611c6a-9f1a-4f18-a95c-2abaf27112db,Standard,b5c255b5-8572-41ce-a273-a01d2a4b4e20,"{""type"":""LineString"",""coordinates"":[[0.83050847,0.04918033],[0.82485876,0.04918033],[0.81920904,0.04918033]],""crs"":{""type"":""name"",""properties"":{""name"":""EPSG:4326""}}}"
99d1011b-78cd-420d-bda7-8c45c0eb6ab6,Standard,fd04cc09-6ff8-48ea-a5eb-453e9d59d6d7,"{""type"":""LineString"",""coordinates"":[[0.17513737,0.07377049],[0.13559322,0.07377049],[0.13559322,0.1557377],[0.21468281,0.07377049]],""crs"":{""type"":""name"",""properties"":{""name"":""EPSG:4326""}}}"
f6674e18-ba25-4454-9fed-d7864f493e0f,Standard,5d56c97f-e15c-4676-9b1a-fc5d7efb8a24,"{""type"":""LineString"",""coordinates"":[[0.65536723,0.67213115],[0.6440678,0.67213115],[0.64971751,0.67213115]],""crs"":{""type"":""name"",""properties"":{""name"":""EPSG:4326""}}}"
93037ae2-ded0-404e-a453-841008d2f285,Standard,22acea8e-cde0-45a4-82e6-ce5241226aac,"{""type"":""LineString"",""coordinates"":[[0.71186441,0.67213115],[0.70621469,0.67213115],[0.70056497,0.67213115]],""crs"":{""type"":""name"",""properties"":{""name"":""EPSG:4326""}}}"
020d5d66-68b8-4849-a49d-7ef75c5d660a,Standard,09125a13-324b-4611-a718-5028b390f1ca,"{""type"":""LineString"",""coordinates"":[[0.96045198,0.67213115],[0.98305085,0.91803279],[0.98305085,0.79508197],[0.98305085,0.67213115]],""crs"":{""type"":""name"",""properties"":{""name"":""EPSG:4326""}}}"
ba000052-dc52-4f14-9235-1cddc1069e4e,Standard,bdf60fc2-e400-46f6-b873-7a40663106f3,"{""type"":""LineString"",""coordinates"":[[0.89265537,0.04918033],[0.88700565,0.04918033],[0.89830508,0.04918033]],""crs"":{""type"":""name"",""properties"":{""name"":""EPSG:4326""}}}"
2591882d-ad68-4e8a-9ec1-370d33dafb29,Standard,7b7ac3b3-877f-4cba-8ad4-6171f2c5b83c,"{""type"":""LineString"",""coordinates"":[[0.91525424,0.36885246],[0.90960452,0.36885246],[0.92090395,0.36885246]],""crs"":{""type"":""name"",""properties"":{""name"":""EPSG:4326""}}}"
c7b49d97-2495-4f09-97e7-808764ac8b51,Standard,8c6b2196-6705-45ec-9879-8334924f968c,"{""type"":""LineString"",""coordinates"":[[0.62146893,0.36885246],[0.62711864,0.36885246],[0.61581921,0.36885246]],""crs"":{""type"":""name"",""properties"":{""name"":""EPSG:4326""}}}"
0f375bc5-fa36-4b66-ac12-e0db266bf400,Standard,9f57100c-cb04-49b5-a9bd-f0e78f87b18a,"{""type"":""LineString"",""coordinates"":[[0.83050847,0.36885246],[0.83615819,0.36885246],[0.84180791,0.36885246]],""crs"":{""type"":""name"",""properties"":{""name"":""EPSG:4326""}}}"
7e4b4545-d04e-4eb3-989a-ae75afbaad37,Standard,cc8bc119-79d7-479b-8767-8b108a0ba4a0,"{""type"":""LineString"",""coordinates"":[[0.75141243,0.14754098],[0.74011299,0.14754098],[0.74576271,0.14754098]],""crs"":{""type"":""name"",""properties"":{""name"":""EPSG:4326""}}}"
86e07109-4192-46e7-b92a-b5df2ed6a4b0,Standard,96cc155a-9417-4ed9-911a-b06b7981a2fe,"{""type"":""LineString"",""coordinates"":[[0.77966102,1],[0.77966102,0.99180328],[0.77966102,0.98360656]],""crs"":{""type"":""name"",""properties"":{""name"":""EPSG:4326""}}}"
79eac61e-e3b2-421a-9716-9940963761f0,Standard,199bc8fc-71a0-4c78-a64d-80a87f0f6b78,"{""type"":""LineString"",""coordinates"":[[0.7740113,0.57377049],[0.75706215,0.57377049],[0.77966102,0.57377049]],""crs"":{""type"":""name"",""properties"":{""name"":""EPSG:4326""}}}"
90ad029a-358f-4f05-8a01-62820461dbb2,Standard,814dec01-f6f2-4817-8f83-2e758011b033,"{""type"":""LineString"",""coordinates"":[[0.09039548,0.24590164],[0.06214689,0.27868852],[0.06214689,0.24590164],[0.06214689,0.26229508]],""crs"":{""type"":""name"",""properties"":{""name"":""EPSG:4326""}}}"
79edb34f-6eea-4190-a0d4-2664ace2deb8,Standard,8bb29769-404b-4bf6-837e-f9ca1b389bf9,"{""type"":""LineString"",""coordinates"":[[0.17514124,0.06557377],[0.14689266,0.06557377],[0.20338983,0.06557377]],""crs"":{""type"":""name"",""properties"":{""name"":""EPSG:4326""}}}"
676cc51f-74ee-4ff5-bc99-ef52b02c1abb,Standard,7f853fc7-6d3e-4086-82b0-cc93c8257f46,"{""type"":""LineString"",""coordinates"":[[0.93220339,0.36885246],[0.92655367,0.36885246],[0.92090395,0.36885246]],""crs"":{""type"":""name"",""properties"":{""name"":""EPSG:4326""}}}"
bb7d1a7a-8dc5-4e59-a8ef-be64bb83f58c,Standard,24537b9f-9cb9-45d1-8bbb-f87e3a948a69,"{""type"":""LineString"",""coordinates"":[[0.85310734,0.67213115],[0.85875706,0.67213115],[0.84745763,0.67213115]],""crs"":{""type"":""name"",""properties"":{""name"":""EPSG:4326""}}}"
fb003e5d-a7a2-4da7-916f-94272d001ee5,Standard,f6dfa796-69c1-4deb-8e5d-78d6a29f2b6e,"{""type"":""LineString"",""coordinates"":[[0.96045198,0.25409836],[0.96610169,0.25409836],[0.95480226,0.25409836]],""crs"":{""type"":""name"",""properties"":{""name"":""EPSG:4326""}}}"
f9f042d8-0aa6-4194-bc49-8a91adb0faab,Standard,affde1a2-90e8-468f-a0a9-eb024f791857,"{""type"":""LineString"",""coordinates"":[[1,0.04918033],[1,0.22131148],[1,0.39344262],[0.96610169,0.04918033]],""crs"":{""type"":""name"",""properties"":{""name"":""EPSG:4326""}}}"
8004803f-5af6-4eb8-be81-78bee4d8f302,Standard,be047b0d-9f7c-413e-bd60-f38b45d5ee80,"{""type"":""LineString"",""coordinates"":[[0.83615819,0.89344262],[0.82485876,0.89344262],[0.83050847,0.89344262]],""crs"":{""type"":""name"",""properties"":{""name"":""EPSG:4326""}}}"
4090c3b8-35a0-45ce-aa49-9f37a5ddd55f,Standard,d54fcb7e-d472-4035-aff6-2646ce881931,"{""type"":""LineString"",""coordinates"":[[0.9039548,0.36885246],[0.90960452,0.36885246],[0.89830508,0.36885246]],""crs"":{""type"":""name"",""properties"":{""name"":""EPSG:4326""}}}"
35855268-8c8d-4b4d-8f85-5f164a76dd73,Standard,dafff7d5-8ed4-4b2f-bcd3-b6d02472dfea,"{""type"":""LineString"",""coordinates"":[[0.70621469,0.14754098],[0.70056497,0.14754098],[0.69491525,0.14754098]],""crs"":{""type"":""name"",""properties"":{""name"":""EPSG:4326""}}}"
d56c9bd7-c160-4b6b-b132-accb5da7fda4,Standard,1a56ec37-3781-4f35-aeec-0d0341c63372,"{""type"":""LineString"",""coordinates"":[[0.69491525,0.25409836],[0.68926554,0.25409836],[0.68361582,0.25409836]],""crs"":{""type"":""name"",""properties"":{""name"":""EPSG:4326""}}}"
816a5b4d-dae9-488c-9bed-b5e90fb62c89,Standard,21dc5686-67b6-49dc-b5aa-ecc7f7deb620,"{""type"":""LineString"",""coordinates"":[[0.94350282,0.77868852],[0.93785311,0.77868852],[0.94915254,0.77868852]],""crs"":{""type"":""name"",""properties"":{""name"":""EPSG:4326""}}}"
2b5bb969-f38a-4ac9-914a-413db62ac6f0,Standard,f03440ae-d6d8-4f7b-ad5f-bbd280a9d2a6,"{""type"":""LineString"",""coordinates"":[[0.71751412,0.44262295],[0.72881356,0.44262295],[0.72316384,0.44262295]],""crs"":{""type"":""name"",""properties"":{""name"":""EPSG:4326""}}}"
7c3d59a2-9fbd-4b26-a8f5-19762ff323a5,Standard,0b6f398b-30f3-41f1-9bc2-ec93e91e8f19,"{""type"":""LineString"",""coordinates"":[[0.72881356,0.25409836],[0.72316384,0.25409836],[0.71751412,0.25409836]],""crs"":{""type"":""name"",""properties"":{""name"":""EPSG:4326""}}}"
7cdd95e3-99fd-4221-83c6-0adb0614fef4,Standard,784bfe2a-8d23-4e74-8b05-b13141611186,"{""type"":""LineString"",""coordinates"":[[0.73446328,0.67213115],[0.74576271,0.67213115],[0.74011299,0.67213115]],""crs"":{""type"":""name"",""properties"":{""name"":""EPSG:4326""}}}"
9f0829cb-1a13-482f-b372-ec6dcbbe2cda,Standard,73d786b9-377a-4807-9b70-21c80599a4d8,"{""type"":""LineString"",""coordinates"":[[0.83615819,0.96721311],[0.83615819,0.89344262],[0.83615819,0.93032881]],""crs"":{""type"":""name"",""properties"":{""name"":""EPSG:4326""}}}"
ee353ae3-c6e1-4529-9881-ec10d1d7b328,Standard,66651745-4425-4a9a-9a2a-3f2715252cf6,"{""type"":""LineString"",""coordinates"":[[0.17514124,0.66393443],[0.20338983,0.66393443],[0.14689266,0.66393443]],""crs"":{""type"":""name"",""properties"":{""name"":""EPSG:4326""}}}"
a8e794de-f56b-438c-af42-b40521bbb236,Standard,de25721a-7ad9-450f-9e89-f483f19bf8a7,"{""type"":""LineString"",""coordinates"":[[0.70621469,0.25409836],[0.71186441,0.25409836],[0.71751412,0.25409836]],""crs"":{""type"":""name"",""properties"":{""name"":""EPSG:4326""}}}"
3753f696-3d3c-4153-b4b2-a212393224f3,Standard,2e5bf3d7-11a5-496f-9bd5-bb9d3686a576,"{""type"":""LineString"",""coordinates"":[[0.90960452,0.67213115],[0.9039548,0.67213115],[0.91525424,0.67213115]],""crs"":{""type"":""name"",""properties"":{""name"":""EPSG:4326""}}}"
7f6d06de-5e2f-4e11-9b80-ab156b6ad570,Standard,62c21e1e-f353-4e48-bca6-8a4da341971e,"{""type"":""LineString"",""coordinates"":[[0.66666667,0.89344262],[0.67231638,0.89344262],[0.6779661,0.89344262]],""crs"":{""type"":""name"",""properties"":{""name"":""EPSG:4326""}}}"
3b3b0a7b-f2c4-4035-a97d-b86bc8c4f60e,Standard,2c4fae2c-c565-4111-b535-8488737aa358,"{""type"":""LineString"",""coordinates"":[[0.72881356,0.25409836],[0.74011299,0.25409836],[0.73446328,0.25409836]],""crs"":{""type"":""name"",""properties"":{""name"":""EPSG:4326""}}}"
2dd6612a-8f9d-417f-b922-5a2ec2d3acc2,Standard,2497455a-888c-4ac6-aa49-582ab91fd05e,"{""type"":""LineString"",""coordinates"":[[0.77966102,0.96721311],[0.76836158,0.96721311],[0.7740113,0.96721311]],""crs"":{""type"":""name"",""properties"":{""name"":""EPSG:4326""}}}"
5e94948f-0707-4691-910a-60a217ab9102,Standard,2887fb2b-fe44-4436-b28e-9f100f8288ac,"{""type"":""LineString"",""coordinates"":[[0.31073446,0.57377049],[0.25423729,0.57377049],[0.28248588,0.57377049]],""crs"":{""type"":""name"",""properties"":{""name"":""EPSG:4326""}}}"
1d132dc2-af13-46f5-ab50-167e6d59fb0c,Standard,c23b7659-8e54-410a-b0e9-9eccbe2457dc,"{""type"":""LineString"",""coordinates"":[[0.84745763,0.36885246],[0.84180791,0.36885246],[0.85310734,0.36885246]],""crs"":{""type"":""name"",""properties"":{""name"":""EPSG:4326""}}}"
b143bc7f-d331-491b-bc17-b2a5efbd8624,Standard,ab23d369-ff75-41b4-8a25-25ec9c4320aa,"{""type"":""LineString"",""coordinates"":[[0.77966102,0.67213115],[0.76836158,0.67213115],[0.7740113,0.67213115]],""crs"":{""type"":""name"",""properties"":{""name"":""EPSG:4326""}}}"
e52aa402-4f9f-4b5f-8220-f3d4848d67ac,Standard,0c04a652-1076-4b59-a957-652790b4c963,"{""type"":""LineString"",""coordinates"":[[0.78531073,0.45901639],[0.78531073,0.47540984],[0.78531073,0.46721311]],""crs"":{""type"":""name"",""properties"":{""name"":""EPSG:4326""}}}"
0a19a747-608b-47ae-afee-68ce774e8a89,Standard,971288e4-038b-49d5-8df0-b2a7fdc0e17c,"{""type"":""LineString"",""coordinates"":[[0.22033898,0.13114754],[0.22033898,0.14754098],[0.22033898,0.1147541]],""crs"":{""type"":""name"",""properties"":{""name"":""EPSG:4326""}}}"
3427affb-2a2c-4fb5-a5e3-96141a5bc9f1,Standard,b302dc76-9715-45b6-b6ef-8da630acd168,"{""type"":""LineString"",""coordinates"":[[0.73446328,0.77868852],[0.74576271,0.77868852],[0.74011299,0.77868852]],""crs"":{""type"":""name"",""properties"":{""name"":""EPSG:4326""}}}"
7e3b0ff3-5e08-407d-b36c-2077c16a8039,Standard,26d976e2-5245-4174-abcc-7e67e03d6352,"{""type"":""LineString"",""coordinates"":[[0.83050847,0.67213115],[0.83615819,0.67213115],[0.82485876,0.67213115]],""crs"":{""type"":""name"",""properties"":{""name"":""EPSG:4326""}}}"
6648b930-5922-4929-ba68-61da0122ebf2,Standard,ab7c6c3c-3b7f-4475-8cad-27657bc148c6,"{""type"":""LineString"",""coordinates"":[[0.95480226,0.77868852],[0.96045198,0.77868852],[0.94915254,0.77868852]],""crs"":{""type"":""name"",""properties"":{""name"":""EPSG:4326""}}}"
8b60a817-a4d6-4051-9410-cab3ab26ce00,Standard,2cbfd089-e602-4f64-8a5b-86a6ecc56d32,"{""type"":""LineString"",""coordinates"":[[0.15819209,0.0942623],[0.15819209,0.07377049],[0.15819209,0.1147541]],""crs"":{""type"":""name"",""properties"":{""name"":""EPSG:4326""}}}"
135be5b3-e2f0-4b70-b71f-a2369e57bc15,Standard,ec21c844-ca32-4f95-b6f3-dd8c56128f66,"{""type"":""LineString"",""coordinates"":[[0.88135593,0.14754098],[0.88700565,0.14754098],[0.87570621,0.14754098]],""crs"":{""type"":""name"",""properties"":{""name"":""EPSG:4326""}}}"
abe20917-26ae-41ba-8373-916d8cfe6497,Standard,03b3d5c7-cb42-45d7-a5b7-b44c60ad5268,"{""type"":""LineString"",""coordinates"":[[0.0960452,0.07377049],[0.0960452,0.0942623],[0.0960452,0.1147541]],""crs"":{""type"":""name"",""properties"":{""name"":""EPSG:4326""}}}"
0fa23de1-db57-4f60-bea0-01ea1bab1da4,Standard,82e01986-321d-4f21-8453-60220f97bbb1,"{""type"":""LineString"",""coordinates"":[[0.89265537,0.89344262],[0.88700565,0.89344262],[0.88135593,0.89344262]],""crs"":{""type"":""name"",""properties"":{""name"":""EPSG:4326""}}}"
077f10b2-79fe-4ae4-a86e-77423668cf1a,Standard,e50ba18f-8019-4824-b835-cc33c70b0196,"{""type"":""LineString"",""coordinates"":[[0.92655367,0.77868852],[0.93785311,0.77868852],[0.93220339,0.77868852]],""crs"":{""type"":""name"",""properties"":{""name"":""EPSG:4326""}}}"
f2ebf446-7c65-464d-96ba-5d5c3249b78d,Standard,10d957bc-fb58-4a8f-8fd2-96a0b129eb02,"{""type"":""LineString"",""coordinates"":[[0.68926554,0.67213115],[0.69491525,0.67213115],[0.70056497,0.67213115]],""crs"":{""type"":""name"",""properties"":{""name"":""EPSG:4326""}}}"
b6211854-7f10-4f8b-ab3e-f4e32cbe01c8,Standard,f93f5e08-f351-4b2b-8cb0-9ec01203c1b9,"{""type"":""LineString"",""coordinates"":[[0.83615819,0.96721311],[0.83050847,0.96721311],[0.82485876,0.96721311]],""crs"":{""type"":""name"",""properties"":{""name"":""EPSG:4326""}}}"
8ae601e8-3dcf-497e-a258-d8ac976e95e8,Standard,106f03b3-b84e-4d36-ab09-13b3dc3403e7,"{""type"":""LineString"",""coordinates"":[[0.20338983,0.1557377],[0.25423729,0.1557377],[0.22881291,0.1557377]],""crs"":{""type"":""name"",""properties"":{""name"":""EPSG:4326""}}}"
635f6544-258b-43f5-959f-2f32c5345189,Standard,23abf40d-58a7-4f00-9ee8-5290a510f9b2,"{""type"":""LineString"",""coordinates"":[[0.15819209,0.14754098],[0.15819209,0.1147541],[0.15819209,0.13114754]],""crs"":{""type"":""name"",""properties"":{""name"":""EPSG:4326""}}}"
90344d84-9485-4986-93e1-e94d73ee0aa3,Standard,91179f48-2d6c-4ae4-864c-d667f57a6e66,"{""type"":""LineString"",""coordinates"":[[0.09039548,0.24590164],[0.11864407,0.24590164],[0.14689266,0.24590164]],""crs"":{""type"":""name"",""properties"":{""name"":""EPSG:4326""}}}"
533d0392-fdc3-48f9-a26b-ea150734112a,Standard,f2c9a881-eb41-4628-833c-5258e95ec457,"{""type"":""LineString"",""coordinates"":[[0.71751412,0.96721311],[0.72316384,0.96721311],[0.71186441,0.96721311]],""crs"":{""type"":""name"",""properties"":{""name"":""EPSG:4326""}}}"
f96dad25-b70b-459a-a1fe-d704fcd6410c,Standard,473a11f4-1691-44ba-8e95-96782bc9d07f,"{""type"":""LineString"",""coordinates"":[[0.66666667,0.14754098],[0.66101695,0.14754098],[0.67231638,0.14754098]],""crs"":{""type"":""name"",""properties"":{""name"":""EPSG:4326""}}}"
6e77b999-e8d0-40eb-91e8-fa1437071b53,Standard,ce8ea248-dbcb-40b9-a97d-22452032ad27,"{""type"":""LineString"",""coordinates"":[[0.84180791,0.67213115],[0.84745763,0.67213115],[0.83615819,0.67213115]],""crs"":{""type"":""name"",""properties"":{""name"":""EPSG:4326""}}}"
a79f2ac5-a708-48be-b910-85542d4fbb71,Standard,71c56dc9-d957-4746-872f-8ad07d4ef8a4,"{""type"":""LineString"",""coordinates"":[[0.67231638,0.36885246],[0.66101695,0.36885246],[0.66666667,0.36885246]],""crs"":{""type"":""name"",""properties"":{""name"":""EPSG:4326""}}}"
6b5fc3d8-f582-4658-b99e-a1fe3531d310,Standard,a92769d6-3f6f-4e67-98b3-303e59dd9cda,"{""type"":""LineString"",""coordinates"":[[0.92090395,0.14754098],[0.91525424,0.14754098],[0.90960452,0.14754098]],""crs"":{""type"":""name"",""properties"":{""name"":""EPSG:4326""}}}"
9b8ea76d-8054-4d43-afb3-664375202b2f,Standard,2ea48cfa-0a0b-48f0-aa66-b619c35b9929,"{""type"":""LineString"",""coordinates"":[[0.8079096,0.67213115],[0.81355932,0.67213115],[0.80225989,0.67213115]],""crs"":{""type"":""name"",""properties"":{""name"":""EPSG:4326""}}}"
bf2e4a45-726d-4ee5-9dfa-66024bcde4c0,Standard,a7a76517-7239-4a95-b9b0-0027cddfa77b,"{""type"":""LineString"",""coordinates"":[[0.84745763,0.57377049],[0.82485876,0.57377049],[0.84180791,0.57377049]],""crs"":{""type"":""name"",""properties"":{""name"":""EPSG:4326""}}}"
d2edc5bf-b3ed-4f2c-938f-8a60119a11b6,Standard,ea5f6247-4116-4acb-9595-52a7a0412897,"{""type"":""LineString"",""coordinates"":[[0.25423729,0.75409836],[0.20338983,0.75409836],[0.22881421,0.75409836]],""crs"":{""type"":""name"",""properties"":{""name"":""EPSG:4326""}}}"
654af5fb-14d5-4f67-8a21-f5481a814555,Standard,52ccd989-d87b-4f9f-9d5d-a0609391f56e,"{""type"":""LineString"",""coordinates"":[[0.81920904,0.89344262],[0.82485876,0.89344262],[0.81355932,0.89344262]],""crs"":{""type"":""name"",""properties"":{""name"":""EPSG:4326""}}}"
835b96cb-24b4-4032-a747-129e519583b1,Standard,c4f33026-5741-4070-970c-1234541ce509,"{""type"":""LineString"",""coordinates"":[[0.88135593,0.77868852],[0.8700565,0.77868852],[0.87570621,0.77868852]],""crs"":{""type"":""name"",""properties"":{""name"":""EPSG:4326""}}}"
aeea1358-be04-403e-84e7-5e22226fa156,Standard,222af488-6339-4308-8f25-eac19b6e2c9c,"{""type"":""LineString"",""coordinates"":[[0.63276836,0.89344262],[0.62146893,0.89344262],[0.62711864,0.89344262]],""crs"":{""type"":""name"",""properties"":{""name"":""EPSG:4326""}}}"
7533ebc3-7178-4967-8613-437c2fd4663d,Standard,f59cd3fa-404d-4c42-820b-31346ae47c00,"{""type"":""LineString"",""coordinates"":[[0.88700565,0.25409836],[0.89265537,0.25409836],[0.89830508,0.25409836]],""crs"":{""type"":""name"",""properties"":{""name"":""EPSG:4326""}}}"
8429ecfe-031f-44ea-b7ff-b708c46e87cd,Standard,b13204e1-02fa-49dd-92e2-c3310a15909a,"{""type"":""LineString"",""coordinates"":[[0.73446328,0.89344262],[0.72881356,0.89344262],[0.72316384,0.89344262]],""crs"":{""type"":""name"",""properties"":{""name"":""EPSG:4326""}}}"
644acdd9-9a11-4521-9e6b-30a424684207,Standard,6bbccaac-2bbe-4d0b-bb07-80dbb605ec1c,"{""type"":""LineString"",""coordinates"":[[0.74011299,0.25409836],[0.74576271,0.25409836],[0.75141243,0.25409836]],""crs"":{""type"":""name"",""properties"":{""name"":""EPSG:4326""}}}"
6dd7072b-da09-4d47-a7ad-a57389a918f9,Standard,cba98774-b8c6-45f4-84cc-2fde121a77fa,"{""type"":""LineString"",""coordinates"":[[0.14689266,0.06557377],[0.11864407,0.06557377],[0.09039548,0.06557377]],""crs"":{""type"":""name"",""properties"":{""name"":""EPSG:4326""}}}"
b8808d71-77bb-4645-a465-925b78180142,Standard,4c98fe8a-ca2a-4503-8843-a800cbf92c82,"{""type"":""LineString"",""coordinates"":[[0.81920904,0.14754098],[0.83050847,0.14754098],[0.82485876,0.14754098]],""crs"":{""type"":""name"",""properties"":{""name"":""EPSG:4326""}}}"
38d3d470-96ef-4884-80b9-b1fd23375ef1,Standard,1cfc85dd-3fb8-48a3-9ea1-b11b1b9ca8d4,"{""type"":""LineString"",""coordinates"":[[0.8700565,0.57377049],[0.87570621,0.57377049],[0.88135593,0.57377049]],""crs"":{""type"":""name"",""properties"":{""name"":""EPSG:4326""}}}"
7ad09272-dde8-46fb-bea5-31cce9bb450e,Standard,d9d1edce-43e0-4cbd-9801-4a4e1a1dfa71,"{""type"":""LineString"",""coordinates"":[[0.76836158,0.77868852],[0.77966102,0.77868852],[0.7740113,0.77868852]],""crs"":{""type"":""name"",""properties"":{""name"":""EPSG:4326""}}}"
ae02da1d-991a-4e16-81dd-2970373ec004,Standard,83b12a0c-d66f-43cf-a5c1-1945a8a66c4c,"{""type"":""LineString"",""coordinates"":[[0.66666667,0.77868852],[0.65536723,0.77868852],[0.66101695,0.77868852]],""crs"":{""type"":""name"",""properties"":{""name"":""EPSG:4326""}}}"
7a5177b5-a744-436f-ba4e-8d5f1c5c72ae,Standard,edbbe75f-8d40-42e8-a6f4-857f64547cbd,"{""type"":""LineString"",""coordinates"":[[0.79096045,0.96721311],[0.77966102,0.96721311],[0.78531073,0.96721311]],""crs"":{""type"":""name"",""properties"":{""name"":""EPSG:4326""}}}"
7e70ed5b-6fc1-4d25-bef7-d65b15598927,Standard,d15c85bb-c9b1-4fa3-8bf6-4aa393b564d4,"{""type"":""LineString"",""coordinates"":[[0.79096045,0.67213115],[0.79661017,0.67213115],[0.80225989,0.67213115]],""crs"":{""type"":""name"",""properties"":{""name"":""EPSG:4326""}}}"
fe36e4d1-ecdf-4043-af93-f1c272723249,Standard,ec4d2395-23de-41c7-a366-af36aed1bf44,"{""type"":""LineString"",""coordinates"":[[0.92655367,0.67213115],[0.92090395,0.67213115],[0.91525424,0.67213115]],""crs"":{""type"":""name"",""properties"":{""name"":""EPSG:4326""}}}"
9ebd2d6d-020f-43d0-859f-572048423fa5,Standard,5905e32c-b1d7-40d9-9759-84dbe6b14ba8,"{""type"":""LineString"",""coordinates"":[[0.71186441,0.77868852],[0.72316384,0.77868852],[0.71751412,0.77868852]],""crs"":{""type"":""name"",""properties"":{""name"":""EPSG:4326""}}}"
ef83135b-8f60-402c-b01b-35cbcd10dae1,Standard,815bc4d0-3418-4d15-8f85-c104a24e6b17,"{""type"":""LineString"",""coordinates"":[[0.62146893,0.14754098],[0.61581921,0.14754098],[0.62711864,0.14754098]],""crs"":{""type"":""name"",""properties"":{""name"":""EPSG:4326""}}}"
9c4bc5d8-e9a6-4fc6-9a88-2e09c3823bc4,Standard,47cc3694-2782-4c44-8c61-e14d30dbbaa4,"{""type"":""LineString"",""coordinates"":[[0.7740113,0.36885246],[0.77966102,0.36885246],[0.78531073,0.36885246]],""crs"":{""type"":""name"",""properties"":{""name"":""EPSG:4326""}}}"
723fb8fc-90ff-44d5-9c21-88a9f194e83a,Standard,5d1176ac-e64e-4811-8d0c-c87d9060ba2a,"{""type"":""LineString"",""coordinates"":[[0.09039548,0.1557377],[0.05084746,0.27868852],[0.05084746,0.21721405],[0.05084746,0.1557377]],""crs"":{""type"":""name"",""properties"":{""name"":""EPSG:4326""}}}"
425a1be6-d966-476e-8266-4ba140da64e2,Standard,5753e615-c90a-4008-92ec-b50c8195f95f,"{""type"":""LineString"",""coordinates"":[[0.65536723,0.67213115],[0.66666667,0.67213115],[0.66101695,0.67213115]],""crs"":{""type"":""name"",""properties"":{""name"":""EPSG:4326""}}}"
64cbd123-f34e-4732-beab-76022918e26c,Standard,87cd1ae0-2ac4-46fb-aeb8-b2f710da299b,"{""type"":""LineString"",""coordinates"":[[0.79096045,0.77868852],[0.77966102,0.77868852],[0.78531073,0.77868852]],""crs"":{""type"":""name"",""properties"":{""name"":""EPSG:4326""}}}"
858c83e7-a54e-4409-abc4-445313cae9d2,Standard,5adb6634-4872-43af-b9cb-39df332b64b2,"{""type"":""LineString"",""coordinates"":[[0.8700565,0.57377049],[0.86440678,0.57377049],[0.85875706,0.57377049]],""crs"":{""type"":""name"",""properties"":{""name"":""EPSG:4326""}}}"
c329e8a9-931a-4efc-8e41-31cad43306de,Standard,d160ec85-06ab-42d2-9dc1-4f905306e0a6,"{""type"":""LineString"",""coordinates"":[[0.79661017,0.36885246],[0.80225989,0.36885246],[0.8079096,0.36885246]],""crs"":{""type"":""name"",""properties"":{""name"":""EPSG:4326""}}}"
cea17966-e3e4-40bf-a765-2e1280d383e6,Standard,7056d4fa-aa01-47d4-af86-5c9717345607,"{""type"":""LineString"",""coordinates"":[[0.79661017,0.44262295],[0.8079096,0.44262295],[0.80225989,0.44262295]],""crs"":{""type"":""name"",""properties"":{""name"":""EPSG:4326""}}}"
5e4cf1b3-fa4e-409b-84d1-e9a95ca0b7a6,Standard,f4ca1fb7-d17a-4d51-866d-ea2ae22c6f0c,"{""type"":""LineString"",""coordinates"":[[0.66101695,0.25409836],[0.67231638,0.25409836],[0.66666667,0.25409836]],""crs"":{""type"":""name"",""properties"":{""name"":""EPSG:4326""}}}"
84c7afaf-51f9-4c19-bf29-c7b79b2f90e2,Standard,1bb0764a-82b8-4f4c-8208-c9c58b8b92c0,"{""type"":""LineString"",""coordinates"":[[0.02259887,0.16803372],[0.02259887,0.18852459],[0.02259887,0.14754098]],""crs"":{""type"":""name"",""properties"":{""name"":""EPSG:4326""}}}"
b622cf65-64b2-454b-900e-a191d7231dbc,Standard,0b1f06c3-9622-47cd-b41f-bd0314673b8d,"{""type"":""LineString"",""coordinates"":[[0.85310734,0.14754098],[0.86440678,0.14754098],[0.85875706,0.14754098]],""crs"":{""type"":""name"",""properties"":{""name"":""EPSG:4326""}}}"
13e3fc68-ff6f-4bd6-94cd-697d584f020c,Standard,a4dc31e8-e10a-4b42-90b4-f14d0f133c0c,"{""type"":""LineString"",""coordinates"":[[0.83050847,0.25409836],[0.84180791,0.25409836],[0.83615819,0.25409836]],""crs"":{""type"":""name"",""properties"":{""name"":""EPSG:4326""}}}"
0ba2c517-f72b-4bf3-804c-01dea7c4e4dd,Standard,088e3b53-78f3-445a-bbc6-9da3efbda0a3,"{""type"":""LineString"",""coordinates"":[[0.97740113,0.39344262],[0.97740113,0.32377143],[0.97740113,0.25409836],[0.96610169,0.25409836]],""crs"":{""type"":""name"",""properties"":{""name"":""EPSG:4326""}}}"
ddf21544-9ca4-474f-be9b-9ead99cbb17f,Standard,02d85e44-4196-4ed1-9fa4-af9211dbd753,"{""type"":""LineString"",""coordinates"":[[0.93785311,0.52459016],[0.93785311,0.57377049],[0.93785311,0.54918033]],""crs"":{""type"":""name"",""properties"":{""name"":""EPSG:4326""}}}"
37bfd165-910b-4ed1-b6b1-49633d000387,Standard,73359dab-e8bb-4cea-89e6-88b969ecb4e0,"{""type"":""LineString"",""coordinates"":[[0.0960452,0.04098361],[0.0960452,0.07377049],[0.0960452,0.05737705]],""crs"":{""type"":""name"",""properties"":{""name"":""EPSG:4326""}}}"
274aaed5-3d6d-402b-8dbd-d56b9bac6ef5,Standard,56e0ddce-ad67-435e-ad8c-5e276c13018a,"{""type"":""LineString"",""coordinates"":[[0.09039548,0.75409836],[0.06214689,0.78688525],[0.06214689,0.75409836],[0.06214689,0.7704918]],""crs"":{""type"":""name"",""properties"":{""name"":""EPSG:4326""}}}"
78f2fb26-f4e1-453e-b1a8-037164e5859d,Standard,cfd11fa8-fcf6-4b65-9523-ee5d21e292ed,"{""type"":""LineString"",""coordinates"":[[0.90960452,0.25409836],[0.9039548,0.25409836],[0.89830508,0.25409836]],""crs"":{""type"":""name"",""properties"":{""name"":""EPSG:4326""}}}"
88d88084-b78e-4620-837a-8afd74563b91,Standard,43394be2-5c85-4449-ad06-7866395a5c79,"{""type"":""LineString"",""coordinates"":[[0.93785311,0.67213115],[0.92655367,0.67213115],[0.93220339,0.67213115]],""crs"":{""type"":""name"",""properties"":{""name"":""EPSG:4326""}}}"
b7bc8bae-9f00-497d-9d16-6b03765b5f98,Standard,e7388048-40c3-4fd7-bcbb-2e1b09e735d2,"{""type"":""LineString"",""coordinates"":[[0.80225989,0.89344262],[0.81355932,0.89344262],[0.8079096,0.89344262]],""crs"":{""type"":""name"",""properties"":{""name"":""EPSG:4326""}}}"
2517024b-1ac9-4355-847e-64dc1bce6959,Standard,63be5ffd-acbc-4c4f-aab9-54c616e2dd2e,"{""type"":""LineString"",""coordinates"":[[0.85875706,0.04918033],[0.86440678,0.04918033],[0.85310734,0.04918033]],""crs"":{""type"":""name"",""properties"":{""name"":""EPSG:4326""}}}"
fe3ffb5a-c30a-4f20-a70e-ed2bc99a607a,Standard,b08cf4bc-d9f2-4608-a162-74db09b16db0,"{""type"":""LineString"",""coordinates"":[[0.84180791,0.40573864],[0.84180791,0.44262295],[0.84180791,0.36885246]],""crs"":{""type"":""name"",""properties"":{""name"":""EPSG:4326""}}}"
077c54e5-7a8c-4c1c-8c3c-d72b4b7b0e11,Standard,97d5bd4a-ce14-4ded-90d4-4f2db25d6626,"{""type"":""LineString"",""coordinates"":[[0.74011299,0.36885246],[0.74576271,0.36885246],[0.75141243,0.36885246]],""crs"":{""type"":""name"",""properties"":{""name"":""EPSG:4326""}}}"
c061601a-9997-4176-a25d-aac4510a0fbc,Standard,29747132-2fe5-4570-8d02-114d3438835c,"{""type"":""LineString"",""coordinates"":[[0.67231638,0.25409836],[0.6779661,0.25409836],[0.68361582,0.25409836]],""crs"":{""type"":""name"",""properties"":{""name"":""EPSG:4326""}}}"
cd44faca-2232-4565-9886-8dc5b92ccb96,Standard,eb64f0fb-1810-4b49-b0a6-e94a6422be04,"{""type"":""LineString"",""coordinates"":[[0.98870056,0.39344262],[0.96610169,0.14754098],[0.98870056,0.14754098],[0.98870056,0.2704918]],""crs"":{""type"":""name"",""properties"":{""name"":""EPSG:4326""}}}"
526bac21-e1fd-45aa-8dc1-3230569b51fa,Standard,f606c03b-66d1-4765-97e6-1319ad6ac0c3,"{""type"":""LineString"",""coordinates"":[[0.17514124,0.75409836],[0.20338983,0.75409836],[0.14689266,0.75409836]],""crs"":{""type"":""name"",""properties"":{""name"":""EPSG:4326""}}}"
06fd80ca-ed78-4310-87f3-e023fbb23e46,Standard,60c4970b-636a-4f8a-9329-97d01107a962,"{""type"":""LineString"",""coordinates"":[[0.02259887,0.1147541],[0.02259887,0.0942623],[0.02259887,0.07377049]],""crs"":{""type"":""name"",""properties"":{""name"":""EPSG:4326""}}}"
38558b72-56a7-4b85-a4fe-db0f4e2bcb19,Standard,4dbb5675-cc27-4868-a9cc-e28ca232ba23,"{""type"":""LineString"",""coordinates"":[[0.95480226,0.14754098],[0.94915254,0.14754098],[0.94350282,0.14754098]],""crs"":{""type"":""name"",""properties"":{""name"":""EPSG:4326""}}}"
f023c2be-7306-483e-9169-05d9d0fab2c7,Standard,9d2b065a-9098-447d-8dbe-5eb06cc691a2,"{""type"":""LineString"",""coordinates"":[[0.74576271,0.57377049],[0.75706215,0.57377049],[0.75141243,0.57377049]],""crs"":{""type"":""name"",""properties"":{""name"":""EPSG:4326""}}}"
b038acec-bed0-4448-9ff8-a9af55865145,Standard,147bf31b-f9b1-415f-858b-f3ed430e508d,"{""type"":""LineString"",""coordinates"":[[0.76836158,0.77868852],[0.75706215,0.77868852],[0.76271186,0.77868852]],""crs"":{""type"":""name"",""properties"":{""name"":""EPSG:4326""}}}"
4d1fa209-9186-4e2c-862a-964d52e64d0d,Standard,66dbe72e-f2be-430d-b103-c1a84f8211a4,"{""type"":""LineString"",""coordinates"":[[0.81920904,0.14754098],[0.8079096,0.14754098],[0.81355932,0.14754098]],""crs"":{""type"":""name"",""properties"":{""name"":""EPSG:4326""}}}"
75e06780-090a-411f-a47c-47c5a90a2e09,Standard,4bdb6569-72da-4d60-97b1-b5a639032d5d,"{""type"":""LineString"",""coordinates"":[[0.25423729,0.24590164],[0.28248588,0.24590164],[0.31073446,0.24590164]],""crs"":{""type"":""name"",""properties"":{""name"":""EPSG:4326""}}}"
d43ae4c8-5544-4df7-9c24-8d39301cf3a5,Standard,00a3c4ab-e866-42a9-854f-fbf28c7f6a43,"{""type"":""LineString"",""coordinates"":[[0.8079096,0.77868852],[0.81355932,0.77868852],[0.80225989,0.77868852]],""crs"":{""type"":""name"",""properties"":{""name"":""EPSG:4326""}}}"
5d5ddcff-0cdf-42d6-a9c9-6dcd636d0c28,Standard,597126c9-f364-4968-909c-ccc064959397,"{""type"":""LineString"",""coordinates"":[[0.79096045,0.44262295],[0.79661017,0.44262295],[0.78531073,0.44262295]],""crs"":{""type"":""name"",""properties"":{""name"":""EPSG:4326""}}}"
580f595f-8a44-4b1c-8833-ff8202075bb4,Standard,364ffff6-7541-4324-bbcf-fe626ba9de1d,"{""type"":""LineString"",""coordinates"":[[0.81355932,0.25409836],[0.81920904,0.25409836],[0.8079096,0.25409836]],""crs"":{""type"":""name"",""properties"":{""name"":""EPSG:4326""}}}"
04c0323b-b630-470f-9c69-1c9097106eaf,Standard,368c8108-0953-4e5a-90db-7c57a9057b20,"{""type"":""LineString"",""coordinates"":[[0.66666667,0.89344262],[0.66101695,0.89344262],[0.65536723,0.89344262]],""crs"":{""type"":""name"",""properties"":{""name"":""EPSG:4326""}}}"
3de72fa7-5070-4429-b1d9-80d7f3273834,Standard,060f10e1-2ffd-4972-9ace-7fff8df78658,"{""type"":""LineString"",""coordinates"":[[0.73446328,0.77868852],[0.72316384,0.77868852],[0.72881356,0.77868852]],""crs"":{""type"":""name"",""properties"":{""name"":""EPSG:4326""}}}"
217789d1-8cb9-4ff4-a7f5-12768eae95ab,Standard,8c4d9aa2-298b-466e-9982-6c4be253fbce,"{""type"":""LineString"",""coordinates"":[[0.80225989,0.25409836],[0.8079096,0.25409836],[0.79661017,0.25409836]],""crs"":{""type"":""name"",""properties"":{""name"":""EPSG:4326""}}}"
4a76fcf6-0353-4b7f-9f53-dbd4f2df9848,Standard,a8bc3d4a-1113-4f62-b01d-e59e6c35ab84,"{""type"":""LineString"",""coordinates"":[[0.02259887,0.20901733],[0.02259887,0.18852459],[0.02259887,0.2295082]],""crs"":{""type"":""name"",""properties"":{""name"":""EPSG:4326""}}}"
e5cbfa13-80ac-483f-8433-c6717fa1e7c9,Standard,2d616d05-fa31-4b7f-b666-0fab28a21a82,"{""type"":""LineString"",""coordinates"":[[0.65536723,0.14754098],[0.66101695,0.14754098],[0.64971751,0.14754098]],""crs"":{""type"":""name"",""properties"":{""name"":""EPSG:4326""}}}"
7e4c4142-2c08-494c-bd3a-f8876ac8c176,Standard,8f9d19a8-8d64-4f62-b6aa-f5f01a12b566,"{""type"":""LineString"",""coordinates"":[[0.94915254,0.25409836],[0.94350282,0.25409836],[0.95480226,0.25409836]],""crs"":{""type"":""name"",""properties"":{""name"":""EPSG:4326""}}}"
a7dadc1d-7f50-4e7c-bd61-305d6c145ccf,Standard,52cd80d8-9489-41bc-931a-d82dba5d0926,"{""type"":""LineString"",""coordinates"":[[0.28248588,0.66393443],[0.31073446,0.66393443],[0.25423729,0.66393443]],""crs"":{""type"":""name"",""properties"":{""name"":""EPSG:4326""}}}"
b0b7371e-66d5-4406-b7d3-a17809309afa,Standard,93cd3af7-2dbb-4804-9386-d15705b5f18e,"{""type"":""LineString"",""coordinates"":[[0.61016949,0.67213115],[0.61581921,0.67213115],[0.62146893,0.67213115]],""crs"":{""type"":""name"",""properties"":{""name"":""EPSG:4326""}}}"
e4925b18-bc90-46e6-afbd-074e7604a079,Standard,a4792ce6-c652-43e9-9156-5e9d0aa082c2,"{""type"":""LineString"",""coordinates"":[[0.09039548,0.66393443],[0.05084746,0.66393443],[0.05084746,0.78688525],[0.05084746,0.72541077]],""crs"":{""type"":""name"",""properties"":{""name"":""EPSG:4326""}}}"
3635451d-3007-44d6-85c8-67775bfc4e48,Standard,041991a2-c961-44a7-bfec-29cccd9a7831,"{""type"":""LineString"",""coordinates"":[[0.8700565,0.25409836],[0.87570621,0.25409836],[0.86440678,0.25409836]],""crs"":{""type"":""name"",""properties"":{""name"":""EPSG:4326""}}}"
be192356-2248-4319-afd6-eac828fdb001,Standard,1a1550cf-77b8-40a9-90e5-5d0faef7baaa,"{""type"":""LineString"",""coordinates"":[[0.79096045,0.89344262],[0.80225989,0.89344262],[0.79661017,0.89344262]],""crs"":{""type"":""name"",""properties"":{""name"":""EPSG:4326""}}}"
600d7a2d-1aca-4b9c-ae82-095ce59eed0b,Standard,ebd1f65a-65ae-4620-b1cf-79898683c9e1,"{""type"":""LineString"",""coordinates"":[[0.0960452,0.0204918],[0.0960452,0.04098361],[0.0960452,0.0]],""crs"":{""type"":""name"",""properties"":{""name"":""EPSG:4326""}}}"
623fe9a8-af66-455f-bad3-251c66ecf8bb,Standard,412d395e-7ebc-4cc6-88fb-24006f54c931,"{""type"":""LineString"",""coordinates"":[[0.80225989,0.57377049],[0.8079096,0.57377049],[0.81355932,0.57377049]],""crs"":{""type"":""name"",""properties"":{""name"":""EPSG:4326""}}}"
e5853628-7933-41bf-8928-1cbed722d992,Standard,8dd3984e-a9f6-4829-9c19-a377e3491f9a,"{""type"":""LineString"",""coordinates"":[[0.71186441,0.14754098],[0.71751412,0.14754098],[0.70621469,0.14754098]],""crs"":{""type"":""name"",""properties"":{""name"":""EPSG:4326""}}}"
d1c04861-36ef-49b7-9a2b-5fa2706734ad,Standard,bfecad6c-ddda-4957-ae66-f04d30fd7104,"{""type"":""LineString"",""coordinates"":[[0.66101695,0.36885246],[0.63841808,0.36885246],[0.65536723,0.36885246]],""crs"":{""type"":""name"",""properties"":{""name"":""EPSG:4326""}}}"
6c612da8-8b8c-4d36-88e1-75a17fe6183c,Standard,d97f2684-22cb-4c14-b01c-b95081d4d624,"{""type"":""LineString"",""coordinates"":[[0.81920904,0.96721311],[0.81355932,0.96721311],[0.82485876,0.96721311]],""crs"":{""type"":""name"",""properties"":{""name"":""EPSG:4326""}}}"
67fa7b51-f7ce-48c4-b9c5-9856619e2788,Standard,7297611b-fbdc-4949-87fc-1bca403708aa,"{""type"":""LineString"",""coordinates"":[[0.89265537,0.67213115],[0.88135593,0.67213115],[0.88700565,0.67213115]],""crs"":{""type"":""name"",""properties"":{""name"":""EPSG:4326""}}}"
4ec7ff3b-9815-43f8-9cba-f46af1a9f423,Standard,31f8365c-9329-4c46-8555-6ec6aadf130e,"{""type"":""LineString"",""coordinates"":[[0.84745763,0.57377049],[0.85875706,0.57377049],[0.85310734,0.57377049]],""crs"":{""type"":""name"",""properties"":{""name"":""EPSG:4326""}}}"
21842dba-9c70-45df-b715-87db6ec36a0f,Standard,e311729e-244e-48a6-bc48-0c7d9823c148,"{""type"":""LineString"",""coordinates"":[[0.92090395,0.04918033],[0.40677966,0.10655738],[0.92655367,0.04918033],[0.93220339,0.04918033],[0.41242938,0.10655738]],""crs"":{""type"":""name"",""properties"":{""name"":""EPSG:4326""}}}"
b422e0ef-fcf8-4035-a3e1-3c851db6551e,Standard,e6882165-4c20-4589-9dd5-624b10802042,"{""type"":""LineString"",""coordinates"":[[0.94350282,0.04918033],[0.95480226,0.04918033],[0.96610169,0.04918033]],""crs"":{""type"":""name"",""properties"":{""name"":""EPSG:4326""}}}"
54c63d34-a5b6-4547-8898-cdf835177352,Standard,84f3941b-450c-4acb-8150-c788af1e6546,"{""type"":""LineString"",""coordinates"":[[0.87570621,0.04918033],[0.8700565,0.04918033],[0.86440678,0.04918033]],""crs"":{""type"":""name"",""properties"":{""name"":""EPSG:4326""}}}"
1f1e8882-9977-48c4-aaaf-c98087dff35d,Standard,2dd402ff-ef64-4b4b-8a49-e9570364e65b,"{""type"":""LineString"",""coordinates"":[[0.76836158,0.96721311],[0.75706215,0.96721311],[0.76271186,0.96721311]],""crs"":{""type"":""name"",""properties"":{""name"":""EPSG:4326""}}}"
12de6c44-ec23-42e2-81b7-1fc0a757edf9,Standard,8ae06d94-8e5d-48f6-9d43-599596df688a,"{""type"":""LineString"",""coordinates"":[[0.86440678,0.36885246],[0.8700565,0.36885246],[0.87570621,0.36885246]],""crs"":{""type"":""name"",""properties"":{""name"":""EPSG:4326""}}}"
0eb4a8c0-bf8d-49c6-be95-c5e030be9dda,Standard,c64c73c4-109b-4baa-bf44-3357d4bca7d8,"{""type"":""LineString"",""coordinates"":[[0.89265537,0.77868852],[0.89830508,0.77868852],[0.9039548,0.77868852]],""crs"":{""type"":""name"",""properties"":{""name"":""EPSG:4326""}}}"
9aa0828c-100b-41d9-a1f9-5bc4957d27e5,Standard,a3c0115c-42eb-48a9-a6b0-64635ee66b87,"{""type"":""LineString"",""coordinates"":[[0.84180791,0.14754098],[0.85310734,0.14754098],[0.84745763,0.14754098]],""crs"":{""type"":""name"",""properties"":{""name"":""EPSG:4326""}}}"
6e4efd5a-e82f-47e0-bee0-a226c588fd90,Standard,9d1ef0fd-3f8d-4a97-8495-25074243860c,"{""type"":""LineString"",""coordinates"":[[0.75706215,0.77868852],[0.75141243,0.77868852],[0.74576271,0.77868852]],""crs"":{""type"":""name"",""properties"":{""name"":""EPSG:4326""}}}"
bc177fc1-85f8-4475-825d-d875a935cbe1,Standard,84dcef6e-d5b1-436f-8562-369b2489bb10,"{""type"":""LineString"",""coordinates"":[[0.76836158,0.44262295],[0.76271186,0.44262295],[0.7740113,0.44262295]],""crs"":{""type"":""name"",""properties"":{""name"":""EPSG:4326""}}}"
98c214c3-a010-494f-93d2-39d0045abbd6,Standard,f4859003-7182-4ebf-8a96-ce61b2f6191c,"{""type"":""LineString"",""coordinates"":[[0.22033898,0.2295082],[0.22033898,0.20901733],[0.22033898,0.18852459]],""crs"":{""type"":""name"",""properties"":{""name"":""EPSG:4326""}}}"
8d9b357a-6612-45b4-baff-12849a787453,Standard,af565c79-9953-4934-9afd-91cd64ed1f06,"{""type"":""LineString"",""coordinates"":[[0.85875706,0.89344262],[0.86440678,0.89344262],[0.8700565,0.89344262]],""crs"":{""type"":""name"",""properties"":{""name"":""EPSG:4326""}}}"
e466da06-3a27-4cea-962d-4449f392eed1,Standard,e3b38aa2-dd38-445e-86c4-600331d108d0,"{""type"":""LineString"",""coordinates"":[[0.76836158,0.14754098],[0.7740113,0.14754098],[0.76271186,0.14754098]],""crs"":{""type"":""name"",""properties"":{""name"":""EPSG:4326""}}}"
a0d87b77-0767-470f-adff-3333d612e076,Standard,9039f436-9be6-4c74-86b2-b5add2446d0a,"{""type"":""LineString"",""coordinates"":[[0.22033898,0.07377049],[0.22033898,0.1147541],[0.22033898,0.0942623]],""crs"":{""type"":""name"",""properties"":{""name"":""EPSG:4326""}}}"
d6a95fd4-e44c-4fb8-951a-6aaf881cfd6a,Standard,f395e127-6036-49bb-b06f-1a3808193dfa,"{""type"":""LineString"",""coordinates"":[[0.8079096,0.04918033],[0.78531073,0.04918033],[0.80225989,0.04918033]],""crs"":{""type"":""name"",""properties"":{""name"":""EPSG:4326""}}}"
d270922a-fbc9-4da6-8b1d-33dc276757ea,Standard,5001666c-1331-43f9-8b09-3667c89951d4,"{""type"":""LineString"",""coordinates"":[[0.75706215,0.04918033],[0.76271186,0.04918033],[0.75141243,0.04918033]],""crs"":{""type"":""name"",""properties"":{""name"":""EPSG:4326""}}}"
489c437d-5bf2-4b5a-b26c-c3e1b6b38b4c,Standard,b5a66c60-7189-4c86-a32a-4d1aa6568475,"{""type"":""LineString"",""coordinates"":[[0.17796675,0.1557377],[0.14124939,0.1557377],[0.21468281,0.1557377]],""crs"":{""type"":""name"",""properties"":{""name"":""EPSG:4326""}}}"
55977fba-bd2a-41c1-8176-a95fac899ea2,Standard,f8827054-46fd-486c-aa91-9bd813187705,"{""type"":""LineString"",""coordinates"":[[0.91525424,0.57377049],[0.40677966,0.10655738],[0.92090395,0.57377049],[0.92655367,0.57377049],[0.41242938,0.10655738]],""crs"":{""type"":""name"",""properties"":{""name"":""EPSG:4326""}}}"
3c31213f-b1cb-4f44-8503-7a95d141a04b,Standard,97ce398b-de56-4b28-925c-a37f9029e875,"{""type"":""LineString"",""coordinates"":[[0.22033898,0.07377049],[0.22033898,0.04098361],[0.22033898,0.05737705]],""crs"":{""type"":""name"",""properties"":{""name"":""EPSG:4326""}}}"
9c5637b9-fd74-4119-be7e-5d22b13e2bdc,Standard,5fa6e010-393e-4bd2-a874-56eb784f9741,"{""type"":""LineString"",""coordinates"":[[0.9039548,0.57377049],[0.89265537,0.57377049],[0.89830508,0.57377049]],""crs"":{""type"":""name"",""properties"":{""name"":""EPSG:4326""}}}"
4bbd03a7-34fd-4fdd-9371-a77b305792e2,Standard,9085189c-48df-498a-80e5-49fe54692a66,"{""type"":""LineString"",""coordinates"":[[0.14689266,0.57377049],[0.11864407,0.57377049],[0.09039548,0.57377049]],""crs"":{""type"":""name"",""properties"":{""name"":""EPSG:4326""}}}"
58798027-5b4e-4602-8e9f-ce34f156da4b,Standard,932d9fab-9b07-4948-9d65-4945c7700a72,"{""type"":""LineString"",""coordinates"":[[0.71751412,0.89344262],[0.70056497,0.89344262],[0.72316384,0.89344262]],""crs"":{""type"":""name"",""properties"":{""name"":""EPSG:4326""}}}"
54e0c3ae-10e0-4533-8679-063556715b18,Standard,52df9c70-136a-49bb-9ad4-d300123c7e99,"{""type"":""LineString"",""coordinates"":[[0.15819209,0.18852459],[0.15819209,0.16803372],[0.15819209,0.14754098]],""crs"":{""type"":""name"",""properties"":{""name"":""EPSG:4326""}}}"
97ca267c-1174-4faf-9617-56bd2a90a390,Standard,3026e0ba-0a46-4d5e-afff-953c34fde207,"{""type"":""LineString"",""coordinates"":[[0.94350282,0.04918033],[0.94350282,0.02459016],[0.94350282,0.0]],""crs"":{""type"":""name"",""properties"":{""name"":""EPSG:4326""}}}"
abf466a5-497f-471d-8571-8d51f687bc26,Standard,0d6627e5-9f9e-4c40-90c1-45abd98a51cd,"{""type"":""LineString"",""coordinates"":[[0.0960452,0.2295082],[0.0960452,0.20901733],[0.0960452,0.18852459]],""crs"":{""type"":""name"",""properties"":{""name"":""EPSG:4326""}}}"
0238d402-4cd5-4f04-8838-02d4ac837e48,Standard,97b9a53e-9ff2-4567-95c0-6c9aab07a43f,"{""type"":""LineString"",""coordinates"":[[0.73446328,0.67213115],[0.72881356,0.67213115],[0.72316384,0.67213115]],""crs"":{""type"":""name"",""properties"":{""name"":""EPSG:4326""}}}"
119b5881-58c5-4891-8c79-df4c5486fb64,Standard,88c3a0b5-9def-4bf3-87c1-0ee75578b5a9,"{""type"":""LineString"",""coordinates"":[[0.72881356,0.36885246],[0.74011299,0.36885246],[0.73446328,0.36885246]],""crs"":{""type"":""name"",""properties"":{""name"":""EPSG:4326""}}}"
3c777579-8dba-4e53-8bc0-5a4a80af9988,Standard,7ad69cae-2bb0-4516-80a9-6afc7b5cb789,"{""type"":""LineString"",""coordinates"":[[0.73446328,0.14754098],[0.74011299,0.14754098],[0.72881356,0.14754098]],""crs"":{""type"":""name"",""properties"":{""name"":""EPSG:4326""}}}"
69e84854-3ccd-478b-bfd4-36179f27ce1d,Standard,73c09f1f-3538-4b5f-acbf-38b686a0dbba,"{""type"":""LineString"",""coordinates"":[[0.93220339,0.57377049],[0.93785311,0.57377049],[0.92655367,0.57377049]],""crs"":{""type"":""name"",""properties"":{""name"":""EPSG:4326""}}}"
3cd9d77d-adbf-442f-b570-61b69223a367,Standard,bee47575-ecc8-4f2f-96de-e9a616603bb7,"{""type"":""LineString"",""coordinates"":[[0.77966102,0.04918033],[0.78531073,0.04918033],[0.76271186,0.04918033]],""crs"":{""type"":""name"",""properties"":{""name"":""EPSG:4326""}}}"
9e61a9a5-b9b7-4033-b8bc-87db9dc0665e,Standard,220f509c-9aea-4e60-8dc1-593d2e35ed21,"{""type"":""LineString"",""coordinates"":[[0.79096045,0.77868852],[0.79661017,0.77868852],[0.80225989,0.77868852]],""crs"":{""type"":""name"",""properties"":{""name"":""EPSG:4326""}}}"
bd830d87-73b0-44c8-9250-26afd33ac4f5,Standard,10c6a103-3132-4324-8f76-8c1858d51fcb,"{""type"":""LineString"",""coordinates"":[[0.20338983,0.24590164],[0.17514124,0.24590164],[0.14689266,0.24590164]],""crs"":{""type"":""name"",""properties"":{""name"":""EPSG:4326""}}}"
d557f6be-2b4b-46af-8e8b-2c2e85d210d1,Standard,ff38b3f7-e29d-4f61-946e-59a8b283295c,"{""type"":""LineString"",""coordinates"":[[0.93220339,0.25409836],[0.92655367,0.25409836],[0.92090395,0.25409836]],""crs"":{""type"":""name"",""properties"":{""name"":""EPSG:4326""}}}"
6b457803-1a41-4ed1-a747-9810ef70b1f7,Standard,64bd5e0e-cf5a-469f-a427-113b0e16893d,"{""type"":""LineString"",""coordinates"":[[0.0960452,0.14754098],[0.0960452,0.16803372],[0.0960452,0.18852459]],""crs"":{""type"":""name"",""properties"":{""name"":""EPSG:4326""}}}"
264375c8-48d3-4c14-a432-e627f7ffed82,Standard,ddc03ccc-bd8e-47f3-8183-97f3b039219d,"{""type"":""LineString"",""coordinates"":[[0.8079096,0.14754098],[0.79661017,0.14754098],[0.80225989,0.14754098]],""crs"":{""type"":""name"",""properties"":{""name"":""EPSG:4326""}}}"
779b60ba-822c-451f-9f5f-ecf6909582a3,Standard,d9d3a1f3-5090-4015-86a5-60be94fadcbf,"{""type"":""LineString"",""coordinates"":[[0.20338983,0.66393443],[0.22881291,0.66393443],[0.25423729,0.66393443]],""crs"":{""type"":""name"",""properties"":{""name"":""EPSG:4326""}}}"
4bb29460-65cf-42ff-baed-c79ec00af1ec,Standard,0d6a5b4a-db92-4772-a91c-4e18ff35c0be,"{""type"":""LineString"",""coordinates"":[[0.74576271,0.44262295],[0.76271186,0.44262295],[0.74011299,0.44262295]],""crs"":{""type"":""name"",""properties"":{""name"":""EPSG:4326""}}}"
c1971b4a-7f78-4488-a54f-03867b87cdf8,Standard,7614ed07-f464-4a56-8ea2-cf07772530c4,"{""type"":""LineString"",""coordinates"":[[0.93785311,0.67213115],[0.94350282,0.67213115],[0.94915254,0.67213115]],""crs"":{""type"":""name"",""properties"":{""name"":""EPSG:4326""}}}"
