uuid;geo_position;id;operates_from;operates_until;operator;slack;subnet;v_rated;v_target;volt_lvl
80a8d607-7298-4841-93af-904b696b3a96;"{""type"":""Point"",""coordinates"":[11.8195,53.425],""crs"":{""type"":""name"",""properties"":{""name"":""EPSG:4326""}}}";LV5.201 Bus 52;;;;false;2;0.4;1.0;Niederspannung
33056444-02ca-4d77-8f3f-bd706f1ad1e2;"{""type"":""Point"",""coordinates"":[11.8213,53.4225],""crs"":{""type"":""name"",""properties"":{""name"":""EPSG:4326""}}}";LV5.201 Bus 92;;;;false;2;0.4;1.0;Niederspannung
1a9038f2-246a-4f30-82df-fd04391f6cef;"{""type"":""Point"",""coordinates"":[11.8213,53.4222],""crs"":{""type"":""name"",""properties"":{""name"":""EPSG:4326""}}}";LV5.201 Bus 101;;;;false;2;0.4;1.0;Niederspannung
d6f89307-8225-428b-b9cc-b0bfbb641f43;"{""type"":""Point"",""coordinates"":[11.8162,53.4277],""crs"":{""type"":""name"",""properties"":{""name"":""EPSG:4326""}}}";LV5.201 Bus 48;;;;false;2;0.4;1.0;Niederspannung
10bf2cdc-6bf6-4490-8671-b606b39680da;"{""type"":""Point"",""coordinates"":[11.8191,53.4235],""crs"":{""type"":""name"",""properties"":{""name"":""EPSG:4326""}}}";LV5.201 Bus 6;;;;false;2;0.4;1.0;Niederspannung
5534d20e-5257-4520-9191-2f1f2199a70c;"{""type"":""Point"",""coordinates"":[11.8213,53.4293],""crs"":{""type"":""name"",""properties"":{""name"":""EPSG:4326""}}}";LV5.201 Bus 1;;;;false;2;0.4;1.0;Niederspannung
c38886b3-24cb-4f06-b472-abeb0de5e9f7;"{""type"":""Point"",""coordinates"":[11.8182,53.4257],""crs"":{""type"":""name"",""properties"":{""name"":""EPSG:4326""}}}";LV5.201 Bus 13;;;;false;2;0.4;1.0;Niederspannung
d5fc883b-d6fa-42f0-acbf-b273a5fc9210;"{""type"":""Point"",""coordinates"":[11.8175,53.427],""crs"":{""type"":""name"",""properties"":{""name"":""EPSG:4326""}}}";LV5.201 Bus 95;;;;false;2;0.4;1.0;Niederspannung
48bde2be-fe4e-4b5c-b55a-4f170a5ed139;"{""type"":""Point"",""coordinates"":[11.8162,53.4281],""crs"":{""type"":""name"",""properties"":{""name"":""EPSG:4326""}}}";LV5.201 Bus 31;;;;false;2;0.4;1.0;Niederspannung
f417c658-f116-4e5f-a456-9d6fcbb0ac5d;"{""type"":""Point"",""coordinates"":[11.815,53.4281],""crs"":{""type"":""name"",""properties"":{""name"":""EPSG:4326""}}}";LV5.201 Bus 109;;;;false;2;0.4;1.0;Niederspannung
aea8015d-3d58-4c1f-94f9-56a414a9beb9;"{""type"":""Point"",""coordinates"":[11.8198,53.4195],""crs"":{""type"":""name"",""properties"":{""name"":""EPSG:4326""}}}";LV5.201 Bus 100;;;;false;2;0.4;1.0;Niederspannung
d8427278-15e3-4dad-a401-42a429e417c9;"{""type"":""Point"",""coordinates"":[11.8198,53.4221],""crs"":{""type"":""name"",""properties"":{""name"":""EPSG:4326""}}}";LV5.201 Bus 70;;;;false;2;0.4;1.0;Niederspannung
fdc7babd-b23e-4189-9a16-c4b0729dba42;"{""type"":""Point"",""coordinates"":[11.8162,53.4284],""crs"":{""type"":""name"",""properties"":{""name"":""EPSG:4326""}}}";LV5.201 Bus 53;;;;false;2;0.4;1.0;Niederspannung
eeb0aadb-5e0c-4d4e-bd09-078f4e3bffe1;"{""type"":""Point"",""coordinates"":[11.8166,53.4249],""crs"":{""type"":""name"",""properties"":{""name"":""EPSG:4326""}}}";LV5.201 Bus 98;;;;false;2;0.4;1.0;Niederspannung
4b3d7617-e748-4d97-a3aa-757c8dd41fd7;"{""type"":""Point"",""coordinates"":[11.8175,53.4285],""crs"":{""type"":""name"",""properties"":{""name"":""EPSG:4326""}}}";LV5.201 Bus 34;;;;false;2;0.4;1.0;Niederspannung
833165cb-dd16-4e86-a8f4-394a4695e9a6;"{""type"":""Point"",""coordinates"":[11.8195,53.4272],""crs"":{""type"":""name"",""properties"":{""name"":""EPSG:4326""}}}";LV5.201 Bus 57;;;;false;2;0.4;1.0;Niederspannung
ebc1d67e-4aba-4bc2-a243-10858e3e311c;"{""type"":""Point"",""coordinates"":[11.8195,53.4264],""crs"":{""type"":""name"",""properties"":{""name"":""EPSG:4326""}}}";LV5.201 Bus 49;;;;false;2;0.4;1.0;Niederspannung
c5d5b113-3deb-47dd-8d71-d2204e5fdca7;"{""type"":""Point"",""coordinates"":[11.8198,53.4203],""crs"":{""type"":""name"",""properties"":{""name"":""EPSG:4326""}}}";LV5.201 Bus 102;;;;false;2;0.4;1.0;Niederspannung
8868bde0-8b48-4836-a4f0-a13db981572c;"{""type"":""Point"",""coordinates"":[11.815,53.4272],""crs"":{""type"":""name"",""properties"":{""name"":""EPSG:4326""}}}";LV5.201 Bus 112;;;;false;2;0.4;1.0;Niederspannung
34437577-2a08-4e9f-828c-c2a5ff72671c;"{""type"":""Point"",""coordinates"":[11.815,53.4277],""crs"":{""type"":""name"",""properties"":{""name"":""EPSG:4326""}}}";LV5.201 Bus 110;;;;false;2;0.4;1.0;Niederspannung
37ec1281-96f9-4e0b-97c5-7506f932bd88;"{""type"":""Point"",""coordinates"":[11.8175,53.4265],""crs"":{""type"":""name"",""properties"":{""name"":""EPSG:4326""}}}";LV5.201 Bus 61;;;;false;2;0.4;1.0;Niederspannung
4ea6ea19-6591-4fe7-83bc-a770a9bf5121;"{""type"":""Point"",""coordinates"":[11.8196,53.4282],""crs"":{""type"":""name"",""properties"":{""name"":""EPSG:4326""}}}";LV5.201 Bus 33;;;;false;2;0.4;1.0;Niederspannung
1d8a047b-b203-4779-baea-79e5cec44c63;"{""type"":""Point"",""coordinates"":[11.8213,53.4239],""crs"":{""type"":""name"",""properties"":{""name"":""EPSG:4326""}}}";LV5.201 Bus 82;;;;false;2;0.4;1.0;Niederspannung
f7eee9ce-76bc-4d8c-9b57-5dfd902851bd;"{""type"":""Point"",""coordinates"":[11.8196,53.4289],""crs"":{""type"":""name"",""properties"":{""name"":""EPSG:4326""}}}";LV5.201 Bus 16;;;;false;2;0.4;1.0;Niederspannung
0d1e8712-220a-4fa7-8b9f-0bae058d4a8f;"{""type"":""Point"",""coordinates"":[11.816,53.4222],""crs"":{""type"":""name"",""properties"":{""name"":""EPSG:4326""}}}";LV5.201 Bus 55;;;;false;2;0.4;1.0;Niederspannung
083391a4-3b38-4a89-b756-4a7d50cc49e3;"{""type"":""Point"",""coordinates"":[11.8196,53.4243],""crs"":{""type"":""name"",""properties"":{""name"":""EPSG:4326""}}}";LV5.201 Bus 76;;;;false;2;0.4;1.0;Niederspannung
9eeae57b-637c-48c6-87ee-532954173d1e;"{""type"":""Point"",""coordinates"":[11.8213,53.4253],""crs"":{""type"":""name"",""properties"":{""name"":""EPSG:4326""}}}";LV5.201 Bus 56;;;;false;2;0.4;1.0;Niederspannung
e02a26b3-aeea-4b9c-afd5-4534fe322201;"{""type"":""Point"",""coordinates"":[11.816,53.4234],""crs"":{""type"":""name"",""properties"":{""name"":""EPSG:4326""}}}";LV5.201 Bus 91;;;;false;2;0.4;1.0;Niederspannung
3e48169e-b1b9-44db-be00-8e6a3214603a;"{""type"":""Point"",""coordinates"":[11.8214,53.4246],""crs"":{""type"":""name"",""properties"":{""name"":""EPSG:4326""}}}";LV5.201 Bus 63;;;;false;2;0.4;1.0;Niederspannung
d5e8ef17-961f-4982-a5cf-1de7244f1290;"{""type"":""Point"",""coordinates"":[11.8166,53.4234],""crs"":{""type"":""name"",""properties"":{""name"":""EPSG:4326""}}}";LV5.201 Bus 37;;;;false;2;0.4;1.0;Niederspannung
0161b428-c077-4970-99d5-c09c96e36326;"{""type"":""Point"",""coordinates"":[11.8198,53.4216],""crs"":{""type"":""name"",""properties"":{""name"":""EPSG:4326""}}}";LV5.201 Bus 4;;;;false;2;0.4;1.0;Niederspannung
6c13b5b9-3f6b-462e-988d-59d4207ba380;"{""type"":""Point"",""coordinates"":[11.8213,53.425],""crs"":{""type"":""name"",""properties"":{""name"":""EPSG:4326""}}}";LV5.201 Bus 38;;;;false;2;0.4;1.0;Niederspannung
bf19ca2e-899f-4eaf-a7a7-7c8e05a307f6;"{""type"":""Point"",""coordinates"":[11.8213,53.426],""crs"":{""type"":""name"",""properties"":{""name"":""EPSG:4326""}}}";LV5.201 Bus 68;;;;false;2;0.4;1.0;Niederspannung
347e07f0-fe36-40b0-854c-ab13ca28fb05;"{""type"":""Point"",""coordinates"":[11.8184,53.4293],""crs"":{""type"":""name"",""properties"":{""name"":""EPSG:4326""}}}";LV5.201 Bus 111;;;;false;2;0.4;1.0;Niederspannung
5e43b119-0dcc-4e2d-8708-b601c598ba15;"{""type"":""Point"",""coordinates"":[11.8196,53.4257],""crs"":{""type"":""name"",""properties"":{""name"":""EPSG:4326""}}}";LV5.201 Bus 28;;;;false;2;0.4;1.0;Niederspannung
1f6384f0-8c5a-4420-bd4b-a877eeb98e62;"{""type"":""Point"",""coordinates"":[11.8174,53.4281],""crs"":{""type"":""name"",""properties"":{""name"":""EPSG:4326""}}}";LV5.201 Bus 97;;;;false;2;0.4;1.0;Niederspannung
048173d9-407c-43a9-89f3-f214368492de;"{""type"":""Point"",""coordinates"":[11.8174,53.4262],""crs"":{""type"":""name"",""properties"":{""name"":""EPSG:4326""}}}";LV5.201 Bus 19;;;;false;2;0.4;1.0;Niederspannung
adc36daf-fcf5-4bdd-b74d-28b9558cc92b;"{""type"":""Point"",""coordinates"":[11.816,53.4227],""crs"":{""type"":""name"",""properties"":{""name"":""EPSG:4326""}}}";LV5.201 Bus 15;;;;false;2;0.4;1.0;Niederspannung
be79a799-146c-4395-8e87-4ad5cbe2a6f3;"{""type"":""Point"",""coordinates"":[11.816,53.423],""crs"":{""type"":""name"",""properties"":{""name"":""EPSG:4326""}}}";LV5.201 Bus 3;;;;false;2;0.4;1.0;Niederspannung
65672ff4-a670-4967-8c0e-0163844cbbad;"{""type"":""Point"",""coordinates"":[11.8191,53.422],""crs"":{""type"":""name"",""properties"":{""name"":""EPSG:4326""}}}";LV5.201 Bus 10;;;;false;2;0.4;1.0;Niederspannung
cabf1b74-e70f-4e47-96b2-3dbc402dfb53;"{""type"":""Point"",""coordinates"":[11.8201,53.4236],""crs"":{""type"":""name"",""properties"":{""name"":""EPSG:4326""}}}";LV5.201 Bus 79;;;;false;2;0.4;1.0;Niederspannung
564f8d90-d0a9-422f-969a-71af58608d96;"{""type"":""Point"",""coordinates"":[11.8198,53.4192],""crs"":{""type"":""name"",""properties"":{""name"":""EPSG:4326""}}}";LV5.201 Bus 88;;;;false;2;0.4;1.0;Niederspannung
8a34f537-b6b0-49c8-8fec-d16bfaac3655;"{""type"":""Point"",""coordinates"":[11.8166,53.423],""crs"":{""type"":""name"",""properties"":{""name"":""EPSG:4326""}}}";LV5.201 Bus 36;;;;false;2;0.4;1.0;Niederspannung
807bb254-43ca-4a6c-b3b8-711230fc267c;"{""type"":""Point"",""coordinates"":[11.8175,53.4248],""crs"":{""type"":""name"",""properties"":{""name"":""EPSG:4326""}}}";LV5.201 Bus 80;;;;false;2;0.4;1.0;Niederspannung
27d045c4-aec8-42e1-853d-9b519df99959;"{""type"":""Point"",""coordinates"":[11.815,53.4269],""crs"":{""type"":""name"",""properties"":{""name"":""EPSG:4326""}}}";LV5.201 Bus 113;;;;false;2;0.4;1.0;Niederspannung
7101cdb8-c9dd-47c9-a273-cbe52495fa8e;"{""type"":""Point"",""coordinates"":[11.8168,53.4285],""crs"":{""type"":""name"",""properties"":{""name"":""EPSG:4326""}}}";LV5.201 Bus 35;;;;false;2;0.4;1.0;Niederspannung
c95aeb44-591a-476a-ab95-2c2ed9cb6c9e;"{""type"":""Point"",""coordinates"":[11.8213,53.4277],""crs"":{""type"":""name"",""properties"":{""name"":""EPSG:4326""}}}";LV5.201 Bus 42;;;;false;2;0.4;1.0;Niederspannung
77e70b68-7c4e-4ca2-bed2-bb49d3999d2f;"{""type"":""Point"",""coordinates"":[11.816,53.4218],""crs"":{""type"":""name"",""properties"":{""name"":""EPSG:4326""}}}";LV5.201 Bus 25;;;;false;2;0.4;1.0;Niederspannung
508f60d6-237f-4223-b389-7eb9fab5c380;"{""type"":""Point"",""coordinates"":[11.8213,53.4232],""crs"":{""type"":""name"",""properties"":{""name"":""EPSG:4326""}}}";LV5.201 Bus 59;;;;false;2;0.4;1.0;Niederspannung
0200b5db-c832-483e-bc4c-8d62f37ec63f;"{""type"":""Point"",""coordinates"":[11.8166,53.4241],""crs"":{""type"":""name"",""properties"":{""name"":""EPSG:4326""}}}";MV2.101 Bus 5;;;;true;1;20.0;1.025;Mittelspannung
f3b1b547-9847-44ca-8715-6b787869e4a2;"{""type"":""Point"",""coordinates"":[11.8201,53.4239],""crs"":{""type"":""name"",""properties"":{""name"":""EPSG:4326""}}}";LV5.201 Bus 21;;;;false;2;0.4;1.0;Niederspannung
70b2b789-684b-4eb5-bdf7-00f06fde771b;"{""type"":""Point"",""coordinates"":[11.8195,53.4275],""crs"":{""type"":""name"",""properties"":{""name"":""EPSG:4326""}}}";LV5.201 Bus 9;;;;false;2;0.4;1.0;Niederspannung
5dc512fa-fba7-4b4a-b6e6-8f2acabcb390;"{""type"":""Point"",""coordinates"":[11.8196,53.4293],""crs"":{""type"":""name"",""properties"":{""name"":""EPSG:4326""}}}";LV5.201 Bus 84;;;;false;2;0.4;1.0;Niederspannung
f14dd1e2-d097-4e0d-98a2-78dd79d22ec4;"{""type"":""Point"",""coordinates"":[11.8201,53.4229],""crs"":{""type"":""name"",""properties"":{""name"":""EPSG:4326""}}}";LV5.201 Bus 2;;;;false;2;0.4;1.0;Niederspannung
2dc4212b-1065-45e7-b6c9-a2f134ece0d5;"{""type"":""Point"",""coordinates"":[11.8175,53.4253],""crs"":{""type"":""name"",""properties"":{""name"":""EPSG:4326""}}}";LV5.201 Bus 18;;;;false;2;0.4;1.0;Niederspannung
11ab2c68-f7f3-4794-a93b-cf795c1383f8;"{""type"":""Point"",""coordinates"":[11.8195,53.426],""crs"":{""type"":""name"",""properties"":{""name"":""EPSG:4326""}}}";LV5.201 Bus 71;;;;false;2;0.4;1.0;Niederspannung
747e524c-88b2-4247-81d7-14c08e68f447;"{""type"":""Point"",""coordinates"":[11.817,53.4293],""crs"":{""type"":""name"",""properties"":{""name"":""EPSG:4326""}}}";LV5.201 Bus 51;;;;false;2;0.4;1.0;Niederspannung
7ce26d27-23f1-4e3c-95ba-775864fc4700;"{""type"":""Point"",""coordinates"":[11.816,53.4214],""crs"":{""type"":""name"",""properties"":{""name"":""EPSG:4326""}}}";LV5.201 Bus 99;;;;false;2;0.4;1.0;Niederspannung
1adae17b-ffd0-4351-82bc-f0db68993868;"{""type"":""Point"",""coordinates"":[11.8201,53.4225],""crs"":{""type"":""name"",""properties"":{""name"":""EPSG:4326""}}}";LV5.201 Bus 72;;;;false;2;0.4;1.0;Niederspannung
df61201d-efba-49ed-a9cf-8f28f64fb9e7;"{""type"":""Point"",""coordinates"":[11.8214,53.4229],""crs"":{""type"":""name"",""properties"":{""name"":""EPSG:4326""}}}";LV5.201 Bus 90;;;;false;2;0.4;1.0;Niederspannung
d718f654-3af7-4f10-8565-efdce7488492;"{""type"":""Point"",""coordinates"":[11.8198,53.4188],""crs"":{""type"":""name"",""properties"":{""name"":""EPSG:4326""}}}";LV5.201 Bus 94;;;;false;2;0.4;1.0;Niederspannung
b5813a43-b239-4c66-a5cf-1ca1d5448178;"{""type"":""Point"",""coordinates"":[11.8221,53.429],""crs"":{""type"":""name"",""properties"":{""name"":""EPSG:4326""}}}";LV5.201 Bus 39;;;;false;2;0.4;1.0;Niederspannung
8e391fa0-67f7-4aab-9bf0-a8c3b06630c1;"{""type"":""Point"",""coordinates"":[11.815,53.4289],""crs"":{""type"":""name"",""properties"":{""name"":""EPSG:4326""}}}";LV5.201 Bus 47;;;;false;2;0.4;1.0;Niederspannung
9779fdbd-4584-4a97-b7b9-8b60e26c0483;"{""type"":""Point"",""coordinates"":[11.8213,53.4286],""crs"":{""type"":""name"",""properties"":{""name"":""EPSG:4326""}}}";LV5.201 Bus 75;;;;false;2;0.4;1.0;Niederspannung
951e8403-69bd-4ddf-9a05-9f883cb2963e;"{""type"":""Point"",""coordinates"":[11.8196,53.4286],""crs"":{""type"":""name"",""properties"":{""name"":""EPSG:4326""}}}";LV5.201 Bus 32;;;;false;2;0.4;1.0;Niederspannung
4f946656-0ab8-4071-a5f6-4dff0549384d;"{""type"":""Point"",""coordinates"":[11.8166,53.4241],""crs"":{""type"":""name"",""properties"":{""name"":""EPSG:4326""}}}";LV5.201 Bus 44;;;;false;2;0.4;1.0;Niederspannung
8827abe8-1457-49fc-b9b4-bfd02bac559d;"{""type"":""Point"",""coordinates"":[11.8214,53.4218],""crs"":{""type"":""name"",""properties"":{""name"":""EPSG:4326""}}}";LV5.201 Bus 20;;;;false;2;0.4;1.0;Niederspannung
1a492f0b-c753-4dc4-bb73-eb9c0df342ca;"{""type"":""Point"",""coordinates"":[11.816,53.4206],""crs"":{""type"":""name"",""properties"":{""name"":""EPSG:4326""}}}";LV5.201 Bus 89;;;;false;2;0.4;1.0;Niederspannung
27754fe0-8e3e-49ef-9d22-391a84f93864;"{""type"":""Point"",""coordinates"":[11.8166,53.4241],""crs"":{""type"":""name"",""properties"":{""name"":""EPSG:4326""}}}";LV5.201 Bus 73;;;;false;2;0.4;1.0;Niederspannung
fe74101e-3373-4efc-9508-8bd936650a55;"{""type"":""Point"",""coordinates"":[11.8166,53.4257],""crs"":{""type"":""name"",""properties"":{""name"":""EPSG:4326""}}}";LV5.201 Bus 96;;;;false;2;0.4;1.0;Niederspannung
4d2056ba-e45f-4160-8601-f222bf33624d;"{""type"":""Point"",""coordinates"":[11.8191,53.4212],""crs"":{""type"":""name"",""properties"":{""name"":""EPSG:4326""}}}";LV5.201 Bus 12;;;;false;2;0.4;1.0;Niederspannung
69eb65ec-6330-4a70-9660-eefc83e1420a;"{""type"":""Point"",""coordinates"":[11.8196,53.4247],""crs"":{""type"":""name"",""properties"":{""name"":""EPSG:4326""}}}";LV5.201 Bus 105;;;;false;2;0.4;1.0;Niederspannung
bdad62b0-0a7e-4978-a1f1-d18851fa97aa;"{""type"":""Point"",""coordinates"":[11.8213,53.4282],""crs"":{""type"":""name"",""properties"":{""name"":""EPSG:4326""}}}";LV5.201 Bus 58;;;;false;2;0.4;1.0;Niederspannung
cf507f98-a0d5-4ace-ba21-809005c77910;"{""type"":""Point"",""coordinates"":[11.8191,53.4239],""crs"":{""type"":""name"",""properties"":{""name"":""EPSG:4326""}}}";LV5.201 Bus 104;;;;false;2;0.4;1.0;Niederspannung
54665c3e-4fee-4479-801d-af2f2ad23b7f;"{""type"":""Point"",""coordinates"":[11.8175,53.4277],""crs"":{""type"":""name"",""properties"":{""name"":""EPSG:4326""}}}";LV5.201 Bus 54;;;;false;2;0.4;1.0;Niederspannung
c741ed49-0e34-4f4f-b4cb-778e8ac4fb9b;"{""type"":""Point"",""coordinates"":[11.8173,53.4234],""crs"":{""type"":""name"",""properties"":{""name"":""EPSG:4326""}}}";LV5.201 Bus 67;;;;false;2;0.4;1.0;Niederspannung
0eb74bf9-4ab1-4d30-b250-f70d51885d1d;"{""type"":""Point"",""coordinates"":[11.8162,53.4273],""crs"":{""type"":""name"",""properties"":{""name"":""EPSG:4326""}}}";LV5.201 Bus 103;;;;false;2;0.4;1.0;Niederspannung
d18fdacb-00cf-4a33-a2a4-7732528b06dc;"{""type"":""Point"",""coordinates"":[11.8196,53.4253],""crs"":{""type"":""name"",""properties"":{""name"":""EPSG:4326""}}}";LV5.201 Bus 22;;;;false;2;0.4;1.0;Niederspannung
d3f163cf-2799-4b90-998f-0f7ad0d157ab;"{""type"":""Point"",""coordinates"":[11.816,53.421],""crs"":{""type"":""name"",""properties"":{""name"":""EPSG:4326""}}}";LV5.201 Bus 29;;;;false;2;0.4;1.0;Niederspannung
66f5ead8-6124-4f19-9221-dca9ccb36a5e;"{""type"":""Point"",""coordinates"":[11.8197,53.4207],""crs"":{""type"":""name"",""properties"":{""name"":""EPSG:4326""}}}";LV5.201 Bus 69;;;;false;2;0.4;1.0;Niederspannung
529c1b55-668b-4757-8c64-228615d02584;"{""type"":""Point"",""coordinates"":[11.8213,53.4264],""crs"":{""type"":""name"",""properties"":{""name"":""EPSG:4326""}}}";LV5.201 Bus 5;;;;false;2;0.4;1.0;Niederspannung
9ced183e-9e58-4e0b-a6d5-d2ade2851f40;"{""type"":""Point"",""coordinates"":[11.8191,53.4231],""crs"":{""type"":""name"",""properties"":{""name"":""EPSG:4326""}}}";LV5.201 Bus 93;;;;false;2;0.4;1.0;Niederspannung
302a9994-fd45-4a62-8071-c73ec6b7f213;"{""type"":""Point"",""coordinates"":[11.8213,53.4236],""crs"":{""type"":""name"",""properties"":{""name"":""EPSG:4326""}}}";LV5.201 Bus 40;;;;false;2;0.4;1.0;Niederspannung
f83db41f-7317-44a3-ba2c-5066887bca37;"{""type"":""Point"",""coordinates"":[11.8166,53.4238],""crs"":{""type"":""name"",""properties"":{""name"":""EPSG:4326""}}}";LV5.201 Bus 77;;;;false;2;0.4;1.0;Niederspannung
a76ef0fe-0574-489e-bf65-e7795835163c;"{""type"":""Point"",""coordinates"":[11.8213,53.429],""crs"":{""type"":""name"",""properties"":{""name"":""EPSG:4326""}}}";LV5.201 Bus 26;;;;false;2;0.4;1.0;Niederspannung
bc779e7c-fe63-47b6-aa15-a5d042b907fc;"{""type"":""Point"",""coordinates"":[11.8169,53.4289],""crs"":{""type"":""name"",""properties"":{""name"":""EPSG:4326""}}}";LV5.201 Bus 74;;;;false;2;0.4;1.0;Niederspannung
34dedad9-b881-4785-8c98-538201643072;"{""type"":""Point"",""coordinates"":[11.8175,53.4257],""crs"":{""type"":""name"",""properties"":{""name"":""EPSG:4326""}}}";LV5.201 Bus 17;;;;false;2;0.4;1.0;Niederspannung
e12ba547-ace3-4de4-83dd-dbfe50f14dc1;"{""type"":""Point"",""coordinates"":[11.8201,53.4232],""crs"":{""type"":""name"",""properties"":{""name"":""EPSG:4326""}}}";LV5.201 Bus 46;;;;false;2;0.4;1.0;Niederspannung
590b3ea0-e3bb-41e8-8552-9d516c78e546;"{""type"":""Point"",""coordinates"":[11.8213,53.4257],""crs"":{""type"":""name"",""properties"":{""name"":""EPSG:4326""}}}";LV5.201 Bus 83;;;;false;2;0.4;1.0;Niederspannung
cd195a9e-07f9-487f-a11e-182b844f5578;"{""type"":""Point"",""coordinates"":[11.8191,53.4216],""crs"":{""type"":""name"",""properties"":{""name"":""EPSG:4326""}}}";LV5.201 Bus 86;;;;false;2;0.4;1.0;Niederspannung
08b01d28-748b-4888-94b7-e3694a158ee5;"{""type"":""Point"",""coordinates"":[11.8166,53.4227],""crs"":{""type"":""name"",""properties"":{""name"":""EPSG:4326""}}}";LV5.201 Bus 65;;;;false;2;0.4;1.0;Niederspannung
3ba570e3-e3b6-4ec7-81ce-1b8efdb772e6;"{""type"":""Point"",""coordinates"":[11.8191,53.4223],""crs"":{""type"":""name"",""properties"":{""name"":""EPSG:4326""}}}";LV5.201 Bus 107;;;;false;2;0.4;1.0;Niederspannung
a4dc8c09-e629-487b-a4f0-d49f6a1927c9;"{""type"":""Point"",""coordinates"":[11.815,53.4293],""crs"":{""type"":""name"",""properties"":{""name"":""EPSG:4326""}}}";LV5.201 Bus 30;;;;false;2;0.4;1.0;Niederspannung
bb720cc7-9c4b-4de7-b084-4cfb223b66f7;"{""type"":""Point"",""coordinates"":[11.8221,53.4286],""crs"":{""type"":""name"",""properties"":{""name"":""EPSG:4326""}}}";LV5.201 Bus 66;;;;false;2;0.4;1.0;Niederspannung
ba5a0ff3-bfd0-423e-97c2-61f2dbcbdeed;"{""type"":""Point"",""coordinates"":[11.8213,53.4271],""crs"":{""type"":""name"",""properties"":{""name"":""EPSG:4326""}}}";LV5.201 Bus 8;;;;false;2;0.4;1.0;Niederspannung
35265d95-25aa-4f02-a015-2b0741defeb3;"{""type"":""Point"",""coordinates"":[11.8166,53.4245],""crs"":{""type"":""name"",""properties"":{""name"":""EPSG:4326""}}}";LV5.201 Bus 23;;;;false;2;0.4;1.0;Niederspannung
044291ff-93b8-4bbd-aaca-fda1feb15e3c;"{""type"":""Point"",""coordinates"":[11.8174,53.4273],""crs"":{""type"":""name"",""properties"":{""name"":""EPSG:4326""}}}";LV5.201 Bus 27;;;;false;2;0.4;1.0;Niederspannung
3f24fbcb-f3aa-41ec-8eaf-4fc2657c1293;"{""type"":""Point"",""coordinates"":[11.8195,53.4268],""crs"":{""type"":""name"",""properties"":{""name"":""EPSG:4326""}}}";LV5.201 Bus 106;;;;false;2;0.4;1.0;Niederspannung
5c960b71-a9a2-4a02-9aaf-1daa6d5aac6f;"{""type"":""Point"",""coordinates"":[11.815,53.4285],""crs"":{""type"":""name"",""properties"":{""name"":""EPSG:4326""}}}";LV5.201 Bus 108;;;;false;2;0.4;1.0;Niederspannung
f2f28fac-8947-4732-a3e7-67bbf4717a05;"{""type"":""Point"",""coordinates"":[11.8213,53.4267],""crs"":{""type"":""name"",""properties"":{""name"":""EPSG:4326""}}}";LV5.201 Bus 81;;;;false;2;0.4;1.0;Niederspannung
3e1d29f2-c32f-4588-a786-54f0bc4c9ea1;"{""type"":""Point"",""coordinates"":[11.8166,53.4253],""crs"":{""type"":""name"",""properties"":{""name"":""EPSG:4326""}}}";LV5.201 Bus 64;;;;false;2;0.4;1.0;Niederspannung
fe40134f-20fd-46d3-986a-7061d6dfed92;"{""type"":""Point"",""coordinates"":[11.822,53.4294],""crs"":{""type"":""name"",""properties"":{""name"":""EPSG:4326""}}}";LV5.201 Bus 14;;;;false;2;0.4;1.0;Niederspannung
615f9d68-1499-45e4-b9ac-6beb6bbe9d38;"{""type"":""Point"",""coordinates"":[11.8182,53.4254],""crs"":{""type"":""name"",""properties"":{""name"":""EPSG:4326""}}}";LV5.201 Bus 62;;;;false;2;0.4;1.0;Niederspannung
f5089cbb-6f6a-40c7-9895-521dae30f8d7;"{""type"":""Point"",""coordinates"":[11.8213,53.4243],""crs"":{""type"":""name"",""properties"":{""name"":""EPSG:4326""}}}";LV5.201 Bus 85;;;;false;2;0.4;1.0;Niederspannung
46a1407f-2e1d-4a31-9660-a4c215e8a65b;"{""type"":""Point"",""coordinates"":[11.8213,53.4274],""crs"":{""type"":""name"",""properties"":{""name"":""EPSG:4326""}}}";LV5.201 Bus 87;;;;false;2;0.4;1.0;Niederspannung
278c8c15-cc4d-4491-bc89-cdccafa4dfba;"{""type"":""Point"",""coordinates"":[11.8198,53.4199],""crs"":{""type"":""name"",""properties"":{""name"":""EPSG:4326""}}}";LV5.201 Bus 24;;;;false;2;0.4;1.0;Niederspannung
2fb93a88-2e62-476b-936c-787ce136a9d2;"{""type"":""Point"",""coordinates"":[11.8203,53.4221],""crs"":{""type"":""name"",""properties"":{""name"":""EPSG:4326""}}}";LV5.201 Bus 45;;;;false;2;0.4;1.0;Niederspannung
f4f0af49-2cf1-46e9-a44d-4092708293dd;"{""type"":""Point"",""coordinates"":[11.8191,53.4227],""crs"":{""type"":""name"",""properties"":{""name"":""EPSG:4326""}}}";LV5.201 Bus 11;;;;false;2;0.4;1.0;Niederspannung
ffd590ed-9c75-46ee-8f67-6e737ed8b1e5;"{""type"":""Point"",""coordinates"":[11.8196,53.4278],""crs"":{""type"":""name"",""properties"":{""name"":""EPSG:4326""}}}";LV5.201 Bus 50;;;;false;2;0.4;1.0;Niederspannung
f0a6b995-ff8c-4d62-9b8f-ee33444bca25;"{""type"":""Point"",""coordinates"":[11.8198,53.4211],""crs"":{""type"":""name"",""properties"":{""name"":""EPSG:4326""}}}";LV5.201 Bus 7;;;;false;2;0.4;1.0;Niederspannung
7fac6f5d-405f-4647-b935-00e18ff91b44;"{""type"":""Point"",""coordinates"":[11.8191,53.4209],""crs"":{""type"":""name"",""properties"":{""name"":""EPSG:4326""}}}";LV5.201 Bus 60;;;;false;2;0.4;1.0;Niederspannung
