"uuid","graphic_layer","node","path","point"
e0e8f17d-95ad-4f26-afaf-e6cff0b2c1c0,Standard,0b2a3b46-5e43-4879-973e-d8fb96429d8a,{"type":"LineString","coordinates":[[7.4116482,51.4843281],[7.4116482,51.4843281]],"crs":{"type":"name","properties":{"name":"EPSG:4326"}}},{"type":"Point","coordinates":[0.94915254,0.67213115],"crs":{"type":"name","properties":{"name":"EPSG:0"}}}
7e19bbb7-52c2-4f80-97c2-d5bea34b15d5,Standard,867c4b4d-0f38-4f28-82ce-135f2cc63808,{"type":"LineString","coordinates":[[12.8273,52.2895],[12.8273,52.2895]],"crs":{"type":"name","properties":{"name":"EPSG:4326"}}},{"type":"Point","coordinates":[0.81355932,0.96721311],"crs":{"type":"name","properties":{"name":"EPSG:0"}}}
0dde18db-3ec4-4941-b84c-231452a1f23b,Standard,e2267696-669b-48e8-b43a-37d0db95011d,{"type":"LineString","coordinates":[[7.4116482,51.4843281],[7.4116482,51.4843281]],"crs":{"type":"name","properties":{"name":"EPSG:4326"}}},{"type":"Point","coordinates":[0.84745763,0.67213115],"crs":{"type":"name","properties":{"name":"EPSG:0"}}}
0720eaa7-85a2-48f0-a2dc-081c818d2ab3,Standard,d07dc1b0-e29a-452a-84c5-7df7b0bb3141,{"type":"LineString","coordinates":[[12.8273,52.2895],[12.8273,52.2895]],"crs":{"type":"name","properties":{"name":"EPSG:4326"}}},{"type":"Point","coordinates":[0.80225989,0.67213115],"crs":{"type":"name","properties":{"name":"EPSG:0"}}}
b46007d2-6836-4a68-a3d7-9c1711248f90,Standard,636dec7c-4242-46e8-b7ae-db7e5a28c39c,{"type":"LineString","coordinates":[[7.4116482,51.4843281],[7.4116482,51.4843281]],"crs":{"type":"name","properties":{"name":"EPSG:4326"}}},{"type":"Point","coordinates":[0.75706215,0.77868852],"crs":{"type":"name","properties":{"name":"EPSG:0"}}}
86a5a43b-025c-4bb5-b9c3-bf88e610617c,Standard,0170837a-1876-45f9-a613-666f9991964d,{"type":"LineString","coordinates":[[12.8273,52.2895],[12.8273,52.2895]],"crs":{"type":"name","properties":{"name":"EPSG:4326"}}},{"type":"Point","coordinates":[0.93785311,0.77868852],"crs":{"type":"name","properties":{"name":"EPSG:0"}}}
6e31f8dd-5039-4c80-ba78-868496f99427,Standard,8f80e777-ccbd-4630-b10e-238e824113fd,{"type":"LineString","coordinates":[[7.4116482,51.4843281],[7.4116482,51.4843281]],"crs":{"type":"name","properties":{"name":"EPSG:4326"}}},{"type":"Point","coordinates":[0.75706215,0.96721311],"crs":{"type":"name","properties":{"name":"EPSG:0"}}}
3ade7f68-6a98-469b-90ea-d6845ef884fb,Standard,3b879239-20c8-4adf-bd51-92924327ee71,{"type":"LineString","coordinates":[[7.4116482,51.4843281],[7.4116482,51.4843281]],"crs":{"type":"name","properties":{"name":"EPSG:4326"}}},{"type":"Point","coordinates":[0.80225989,0.89344262],"crs":{"type":"name","properties":{"name":"EPSG:0"}}}
51422821-5966-4151-92c6-cc6150951f81,Standard,85ec9277-c5fd-4e5b-8a34-9627d9599ad7,{"type":"LineString","coordinates":[[12.8273,52.2895],[12.8273,52.2895]],"crs":{"type":"name","properties":{"name":"EPSG:4326"}}},{"type":"Point","coordinates":[0.76836158,0.67213115],"crs":{"type":"name","properties":{"name":"EPSG:0"}}}
7016009b-c704-4bdc-a331-19bc6ac99ae2,Standard,0ebf0088-f596-4cd1-9ae0-5da02dc40335,{"type":"LineString","coordinates":[[12.8273,52.2895],[12.8273,52.2895]],"crs":{"type":"name","properties":{"name":"EPSG:4326"}}},{"type":"Point","coordinates":[0.74576271,0.67213115],"crs":{"type":"name","properties":{"name":"EPSG:0"}}}
00e6a38a-f4f0-4cd8-a182-3c3c2337571e,Standard,9f7599de-c488-46c5-b053-1279a511f7b9,{"type":"LineString","coordinates":[[12.8273,52.2895],[12.8273,52.2895]],"crs":{"type":"name","properties":{"name":"EPSG:4326"}}},{"type":"Point","coordinates":[0.74576271,0.57377049],"crs":{"type":"name","properties":{"name":"EPSG:0"}}}
098f365b-4ec3-472c-b137-2525bfa4a7af,Standard,b7a5be0d-2662-41b2-99c6-3b8121a75e9e,{"type":"LineString","coordinates":[[7.4116482,51.4843281],[7.4116482,51.4843281]],"crs":{"type":"name","properties":{"name":"EPSG:4326"}}},{"type":"Point","coordinates":[0.62146893,0.67213115],"crs":{"type":"name","properties":{"name":"EPSG:0"}}}
700827d6-217d-44a4-a931-eec6420f85a7,Standard,ead38a50-b8f7-4bbb-b65d-f54350825e8e,{"type":"LineString","coordinates":[[7.4116482,51.4843281],[7.4116482,51.4843281]],"crs":{"type":"name","properties":{"name":"EPSG:4326"}}},{"type":"Point","coordinates":[0.96045198,0.57377049],"crs":{"type":"name","properties":{"name":"EPSG:0"}}}
ede4610a-e3c4-4bdd-bad4-b1fe0b84b847,Standard,49e14db3-a4bc-464a-b606-653ac8a604dd,{"type":"LineString","coordinates":[[7.4116482,51.4843281],[7.4116482,51.4843281]],"crs":{"type":"name","properties":{"name":"EPSG:4326"}}},{"type":"Point","coordinates":[0.82485876,0.77868852],"crs":{"type":"name","properties":{"name":"EPSG:0"}}}
fb4d855c-83a0-435d-a08a-15c8716f2e7c,Standard,ffcaf979-d707-4d25-8f46-f436f9792d7f,{"type":"LineString","coordinates":[[7.4116482,51.4843281],[7.4116482,51.4843281]],"crs":{"type":"name","properties":{"name":"EPSG:4326"}}},{"type":"Point","coordinates":[0.84745763,0.57377049],"crs":{"type":"name","properties":{"name":"EPSG:0"}}}
c3c05cb5-3e3d-45fe-b52d-879716aac345,Standard,369cffa5-bcee-4489-8193-1d9b10230eca,{"type":"LineString","coordinates":[[12.8273,52.2895],[12.8273,52.2895]],"crs":{"type":"name","properties":{"name":"EPSG:4326"}}},{"type":"Point","coordinates":[0.92655367,0.77868852],"crs":{"type":"name","properties":{"name":"EPSG:0"}}}
b7bdbce0-b7f0-46b7-95b7-24ca8fea2550,Standard,b73208dd-f4a8-4e90-bf2d-7ea67a89525a,{"type":"LineString","coordinates":[[7.4116482,51.4843281],[7.4116482,51.4843281]],"crs":{"type":"name","properties":{"name":"EPSG:4326"}}},{"type":"Point","coordinates":[0.77966102,0.89344262],"crs":{"type":"name","properties":{"name":"EPSG:0"}}}
e6260eb6-1993-4b2f-9da4-6ac480f41954,Standard,792b505c-87ab-4665-a31d-b6035c5ece70,{"type":"LineString","coordinates":[[12.8273,52.2895],[12.8273,52.2895]],"crs":{"type":"name","properties":{"name":"EPSG:4326"}}},{"type":"Point","coordinates":[0.88135593,0.77868852],"crs":{"type":"name","properties":{"name":"EPSG:0"}}}
cc25baf6-91ba-4c2f-a7f3-dff202d7cba5,Standard,1a1e63f7-6196-4856-9f4e-876a44bdf2f8,{"type":"LineString","coordinates":[[7.4116482,51.4843281],[7.4116482,51.4843281]],"crs":{"type":"name","properties":{"name":"EPSG:4326"}}},{"type":"Point","coordinates":[0.65536723,0.89344262],"crs":{"type":"name","properties":{"name":"EPSG:0"}}}
a9b3d323-e2bd-4d53-9de9-82ac9185cdfe,Standard,8254d91b-e5da-4402-bb8f-301eafa09d28,{"type":"LineString","coordinates":[[12.8273,52.2895],[12.8273,52.2895]],"crs":{"type":"name","properties":{"name":"EPSG:4326"}}},{"type":"Point","coordinates":[0.83615819,0.77868852],"crs":{"type":"name","properties":{"name":"EPSG:0"}}}
b8a69ed7-b65a-40c9-84e6-37fb01f064fe,Standard,616da4e5-e837-44ec-bbbc-0cd12b5da8f7,{"type":"LineString","coordinates":[[12.8273,52.2895],[12.8273,52.2895]],"crs":{"type":"name","properties":{"name":"EPSG:4326"}}},{"type":"Point","coordinates":[0.72316384,0.67213115],"crs":{"type":"name","properties":{"name":"EPSG:0"}}}
7258b56d-8372-42f5-b75f-863b3f81e25a,Standard,ca438ab9-3abc-4416-91d1-df01d1c5fa5a,{"type":"LineString","coordinates":[[7.4116482,51.4843281],[7.4116482,51.4843281]],"crs":{"type":"name","properties":{"name":"EPSG:4326"}}},{"type":"Point","coordinates":[0.65536723,0.77868852],"crs":{"type":"name","properties":{"name":"EPSG:0"}}}
77604c41-ad4e-4786-8ba5-a0da0af7241a,Standard,012c9eee-86c2-494c-adcc-bbfc481e4a46,{"type":"LineString","coordinates":[[7.4116482,51.4843281],[7.4116482,51.4843281]],"crs":{"type":"name","properties":{"name":"EPSG:4326"}}},{"type":"Point","coordinates":[0.82485876,0.96721311],"crs":{"type":"name","properties":{"name":"EPSG:0"}}}
dc7ac151-f28c-4709-b760-01f0bfea1422,Standard,5e213f42-d93e-45c5-a295-adbe09105746,{"type":"LineString","coordinates":[[7.4116482,51.4843281],[7.4116482,51.4843281]],"crs":{"type":"name","properties":{"name":"EPSG:4326"}}},{"type":"Point","coordinates":[0.79096045,0.96721311],"crs":{"type":"name","properties":{"name":"EPSG:0"}}}
1730aedc-aec2-4f82-bc90-2c821b470e0c,Standard,f1e88392-3b2a-4ce8-a31f-c963f08f8043,{"type":"LineString","coordinates":[[12.8273,52.2895],[12.8273,52.2895]],"crs":{"type":"name","properties":{"name":"EPSG:4326"}}},{"type":"Point","coordinates":[0.89265537,0.67213115],"crs":{"type":"name","properties":{"name":"EPSG:0"}}}
97e202d5-561b-418b-8b53-fa080e7cb931,Standard,21359dd1-7a23-4932-b656-c196fbffe751,{"type":"LineString","coordinates":[[7.4116482,51.4843281],[7.4116482,51.4843281]],"crs":{"type":"name","properties":{"name":"EPSG:4326"}}},{"type":"Point","coordinates":[0.76836158,0.77868852],"crs":{"type":"name","properties":{"name":"EPSG:0"}}}
4d9fc234-c097-4b0c-9f9d-0453bbc9a713,Standard,9b889b73-c108-4b38-b6eb-3377841e0c83,{"type":"LineString","coordinates":[[12.8273,52.2895],[12.8273,52.2895]],"crs":{"type":"name","properties":{"name":"EPSG:4326"}}},{"type":"Point","coordinates":[0.85875706,0.57377049],"crs":{"type":"name","properties":{"name":"EPSG:0"}}}
0f6ac439-e4c6-4df4-908f-4a8b02f713c8,Standard,00d4a837-f09c-41df-bed1-dfdb78387116,{"type":"LineString","coordinates":[[7.4116482,51.4843281],[7.4116482,51.4843281]],"crs":{"type":"name","properties":{"name":"EPSG:4326"}}},{"type":"Point","coordinates":[0.91525424,0.57377049],"crs":{"type":"name","properties":{"name":"EPSG:0"}}}
dc6febac-9d01-4142-a73a-dba92b98395a,Standard,a4a44d93-48d6-4b87-8053-87fe0778e75c,{"type":"LineString","coordinates":[[7.4116482,51.4843281],[7.4116482,51.4843281]],"crs":{"type":"name","properties":{"name":"EPSG:4326"}}},{"type":"Point","coordinates":[0.73446328,0.67213115],"crs":{"type":"name","properties":{"name":"EPSG:0"}}}
5b351429-1d9d-470f-b303-b2559b5882a4,Standard,9baae5ff-40e3-48cb-9ddf-de6d1c133e13,{"type":"LineString","coordinates":[[7.4116482,51.4843281],[7.4116482,51.4843281]],"crs":{"type":"name","properties":{"name":"EPSG:4326"}}},{"type":"Point","coordinates":[0.83615819,0.96721311],"crs":{"type":"name","properties":{"name":"EPSG:0"}}}
78ca2d9e-d805-4b55-b2eb-25634035b606,Standard,7d45f0ab-1e6b-452f-b665-c4846cf046f5,{"type":"LineString","coordinates":[[12.8273,52.2895],[12.8273,52.2895]],"crs":{"type":"name","properties":{"name":"EPSG:4326"}}},{"type":"Point","coordinates":[0.70056497,0.89344262],"crs":{"type":"name","properties":{"name":"EPSG:0"}}}
3dc0bb9a-0ef9-446e-b039-b4522a42e3d6,Standard,6570535c-0d2e-4846-9951-21559902f67a,{"type":"LineString","coordinates":[[7.4116482,51.4843281],[7.4116482,51.4843281]],"crs":{"type":"name","properties":{"name":"EPSG:4326"}}},{"type":"Point","coordinates":[0.8700565,0.67213115],"crs":{"type":"name","properties":{"name":"EPSG:0"}}}
05a66108-a122-4dbf-bbd9-c57a3904df7e,Standard,e3c3c6a3-c383-4dbb-9b3f-a14125615386,{"type":"LineString","coordinates":[[7.4116482,51.4843281],[7.4116482,51.4843281]],"crs":{"type":"name","properties":{"name":"EPSG:4326"}}},{"type":"Point","coordinates":[0.8700565,0.89344262],"crs":{"type":"name","properties":{"name":"EPSG:0"}}}
eede57fa-6784-4894-8476-736f65984791,Standard,2c520ab6-507e-4dcf-ab05-8f238e9b9385,{"type":"LineString","coordinates":[[7.4116482,51.4843281],[7.4116482,51.4843281]],"crs":{"type":"name","properties":{"name":"EPSG:4326"}}},{"type":"Point","coordinates":[0.96045198,0.77868852],"crs":{"type":"name","properties":{"name":"EPSG:0"}}}
865f965a-f8d1-49cc-a85e-92f59a4ecb01,Standard,40537c84-c812-4231-bd23-0ba81922e937,{"type":"LineString","coordinates":[[7.4116482,51.4843281],[7.4116482,51.4843281]],"crs":{"type":"name","properties":{"name":"EPSG:4326"}}},{"type":"Point","coordinates":[0.77966102,0.77868852],"crs":{"type":"name","properties":{"name":"EPSG:0"}}}
7855bf17-05c0-4ed4-b1c0-b3dcd6fd24df,Standard,bea7ca63-3ae4-4280-8127-fe2c7fd5ea2d,{"type":"LineString","coordinates":[[12.8273,52.2895],[12.8273,52.2895]],"crs":{"type":"name","properties":{"name":"EPSG:4326"}}},{"type":"Point","coordinates":[0.88135593,0.57377049],"crs":{"type":"name","properties":{"name":"EPSG:0"}}}
96fb5883-b7dd-4646-8bf9-e6e6d730f5bb,Standard,1ee9de9a-0095-4b58-beeb-e56fb908844a,{"type":"LineString","coordinates":[[7.4116482,51.4843281],[7.4116482,51.4843281]],"crs":{"type":"name","properties":{"name":"EPSG:4326"}}},{"type":"Point","coordinates":[0.66666667,0.89344262],"crs":{"type":"name","properties":{"name":"EPSG:0"}}}
dbe14dc1-88ac-4a06-8159-8ef2928e1f84,Standard,154e9a99-467b-4f65-9928-8ebb14149baa,{"type":"LineString","coordinates":[[12.8273,52.2895],[12.8273,52.2895]],"crs":{"type":"name","properties":{"name":"EPSG:4326"}}},{"type":"Point","coordinates":[0.61016949,0.89344262],"crs":{"type":"name","properties":{"name":"EPSG:0"}}}
41c1aa80-2d8b-4993-a943-eeb328d67532,Standard,450426ac-a560-4d17-b1fc-9e169530a655,{"type":"LineString","coordinates":[[12.8273,52.2895],[12.8273,52.2895]],"crs":{"type":"name","properties":{"name":"EPSG:4326"}}},{"type":"Point","coordinates":[0.73446328,0.96721311],"crs":{"type":"name","properties":{"name":"EPSG:0"}}}
68d4c4d0-246e-4cfb-95f7-f3b2aef8788f,Standard,3da4fd3d-ac5e-409d-91fa-36516673cf57,{"type":"LineString","coordinates":[[0.96045198,0.91803279],[0.99435028,0.91803279]],"crs":{"type":"name","properties":{"name":"EPSG:4326"}}},{"type":"Point","coordinates":[7.4116482,51.4843281],"crs":{"type":"name","properties":{"name":"EPSG:4326"}}}
74b3a575-3f22-4673-a89c-1199c06a2d0f,Standard,b37ea333-65e1-4211-8449-993b67e8e0e2,{"type":"LineString","coordinates":[[7.4116482,51.4843281],[7.4116482,51.4843281]],"crs":{"type":"name","properties":{"name":"EPSG:4326"}}},{"type":"Point","coordinates":[0.93785311,0.57377049],"crs":{"type":"name","properties":{"name":"EPSG:0"}}}
59de95df-5cab-47b5-bfc2-223043a24e97,Standard,92cb5065-2e57-4099-8e29-75cbc0c80370,{"type":"LineString","coordinates":[[12.8273,52.2895],[12.8273,52.2895]],"crs":{"type":"name","properties":{"name":"EPSG:4326"}}},{"type":"Point","coordinates":[0.6779661,0.89344262],"crs":{"type":"name","properties":{"name":"EPSG:0"}}}
a6267f4c-d751-4f99-ade6-237d737fb745,Standard,86af5351-87ef-49c6-bd17-673dceecee5b,{"type":"LineString","coordinates":[[7.4116482,51.4843281],[7.4116482,51.4843281]],"crs":{"type":"name","properties":{"name":"EPSG:4326"}}},{"type":"Point","coordinates":[0.6779661,0.77868852],"crs":{"type":"name","properties":{"name":"EPSG:0"}}}
4a68e00f-3517-47be-85a3-7250bdc7d17a,Standard,22e58399-428f-4633-9ee4-e5fa0db68d6d,{"type":"LineString","coordinates":[[12.8273,52.2895],[12.8273,52.2895]],"crs":{"type":"name","properties":{"name":"EPSG:4326"}}},{"type":"Point","coordinates":[0.96045198,0.67213115],"crs":{"type":"name","properties":{"name":"EPSG:0"}}}
875f82ba-ccb5-4514-8046-658e6629091f,Standard,c6c177b0-5004-4db0-8cde-6293330a4757,{"type":"LineString","coordinates":[[7.4116482,51.4843281],[7.4116482,51.4843281]],"crs":{"type":"name","properties":{"name":"EPSG:4326"}}},{"type":"Point","coordinates":[0.68926554,0.67213115],"crs":{"type":"name","properties":{"name":"EPSG:0"}}}
6d79e6bf-0fd6-47cf-84e1-af8c355a09c8,Standard,773aebe4-fc03-46be-8209-0213e2760a8e,{"type":"LineString","coordinates":[[7.4116482,51.4843281],[7.4116482,51.4843281]],"crs":{"type":"name","properties":{"name":"EPSG:4326"}}},{"type":"Point","coordinates":[0.70056497,0.67213115],"crs":{"type":"name","properties":{"name":"EPSG:0"}}}
dc4124c6-ee52-40d9-81d6-c5832a5c1fba,Standard,f26b5511-3c50-42d5-97c2-be408330eb84,{"type":"LineString","coordinates":[[7.4116482,51.4843281],[7.4116482,51.4843281]],"crs":{"type":"name","properties":{"name":"EPSG:4326"}}},{"type":"Point","coordinates":[0.84745763,0.77868852],"crs":{"type":"name","properties":{"name":"EPSG:0"}}}
ee1d5114-5f69-4ff9-91e9-273d8437e2ae,Standard,f66df6fa-3dfa-4515-85d7-54d0f429fde7,{"type":"LineString","coordinates":[[12.8273,52.2895],[12.8273,52.2895]],"crs":{"type":"name","properties":{"name":"EPSG:4326"}}},{"type":"Point","coordinates":[0.92655367,0.67213115],"crs":{"type":"name","properties":{"name":"EPSG:0"}}}
e815c65b-2b44-4afb-a73b-7da1a0df6a15,Standard,8f2ba96f-a47a-46d3-b5a1-d19de0a32419,{"type":"LineString","coordinates":[[7.4116482,51.4843281],[7.4116482,51.4843281]],"crs":{"type":"name","properties":{"name":"EPSG:4326"}}},{"type":"Point","coordinates":[0.79096045,0.77868852],"crs":{"type":"name","properties":{"name":"EPSG:0"}}}
28a9c06f-b6e3-4104-b904-aad99b88fcab,Standard,ce513b50-b57a-41e2-b744-4c0fd2ae97d0,{"type":"LineString","coordinates":[[7.4116482,51.4843281],[7.4116482,51.4843281]],"crs":{"type":"name","properties":{"name":"EPSG:4326"}}},{"type":"Point","coordinates":[0.71186441,0.77868852],"crs":{"type":"name","properties":{"name":"EPSG:0"}}}
e9774353-a9b8-4e3d-a17a-0748c2c26e92,Standard,00bbc353-d47e-4865-a696-fe5d29b9e6a2,{"type":"LineString","coordinates":[[12.8273,52.2895],[12.8273,52.2895]],"crs":{"type":"name","properties":{"name":"EPSG:4326"}}},{"type":"Point","coordinates":[0.76836158,0.89344262],"crs":{"type":"name","properties":{"name":"EPSG:0"}}}
ba6759b8-89a7-4b38-b5d6-eb17db1e212b,Standard,b179c38b-5af0-4304-84b1-1dc03314fd80,{"type":"LineString","coordinates":[[12.8273,52.2895],[12.8273,52.2895]],"crs":{"type":"name","properties":{"name":"EPSG:4326"}}},{"type":"Point","coordinates":[0.66666667,0.77868852],"crs":{"type":"name","properties":{"name":"EPSG:0"}}}
e9266e59-ed7d-4719-abe6-455193c4f5f3,Standard,810bebb0-0d5c-4899-b213-3207be661248,{"type":"LineString","coordinates":[[7.4116482,51.4843281],[7.4116482,51.4843281]],"crs":{"type":"name","properties":{"name":"EPSG:4326"}}},{"type":"Point","coordinates":[0.75706215,0.67213115],"crs":{"type":"name","properties":{"name":"EPSG:0"}}}
b5045ec8-3bea-4959-be7c-2f96bbf89894,Standard,2287c2a8-c2d0-4c63-80b5-6b66a1288df8,{"type":"LineString","coordinates":[[12.8273,52.2895],[12.8273,52.2895]],"crs":{"type":"name","properties":{"name":"EPSG:4326"}}},{"type":"Point","coordinates":[0.62146893,0.89344262],"crs":{"type":"name","properties":{"name":"EPSG:0"}}}
ecd0e92a-9446-48ab-b6e2-43942575db1b,Standard,55caf2ec-a21b-4afd-8830-1e4009cce396,{"type":"LineString","coordinates":[[12.8273,52.2895],[12.8273,52.2895]],"crs":{"type":"name","properties":{"name":"EPSG:4326"}}},{"type":"Point","coordinates":[0.66666667,0.67213115],"crs":{"type":"name","properties":{"name":"EPSG:0"}}}
80ee9fdd-b0c4-42e2-835d-abcb120e323d,Standard,9f95c733-71e2-4bf0-a27a-70144518ea2c,{"type":"LineString","coordinates":[[7.4116482,51.4843281],[7.4116482,51.4843281]],"crs":{"type":"name","properties":{"name":"EPSG:4326"}}},{"type":"Point","coordinates":[0.80225989,0.96721311],"crs":{"type":"name","properties":{"name":"EPSG:0"}}}
86550a99-c324-413d-aa27-2ebf243249e9,Standard,d5489e1b-0e7e-4ca9-a362-09c23576a622,{"type":"LineString","coordinates":[[7.4116482,51.4843281],[7.4116482,51.4843281]],"crs":{"type":"name","properties":{"name":"EPSG:4326"}}},{"type":"Point","coordinates":[0.84745763,0.89344262],"crs":{"type":"name","properties":{"name":"EPSG:0"}}}
1f106b59-4fce-4be2-a05c-a6d96f188fde,Standard,f6eff0d1-af6b-46ce-b430-4d30976ec08f,{"type":"LineString","coordinates":[[12.8273,52.2895],[12.8273,52.2895]],"crs":{"type":"name","properties":{"name":"EPSG:4326"}}},{"type":"Point","coordinates":[0.83615819,0.67213115],"crs":{"type":"name","properties":{"name":"EPSG:0"}}}
645190a6-cd64-4488-abb5-c6390445cbef,Standard,f1e55c8b-357f-45a7-9d57-e299f9b207f3,{"type":"LineString","coordinates":[[7.4116482,51.4843281],[7.4116482,51.4843281]],"crs":{"type":"name","properties":{"name":"EPSG:4326"}}},{"type":"Point","coordinates":[0.79096045,0.89344262],"crs":{"type":"name","properties":{"name":"EPSG:0"}}}
80ae1356-eca3-4294-817c-5a738239d308,Standard,4f28e734-5148-4caf-ac64-270231740cbf,{"type":"LineString","coordinates":[[12.8273,52.2895],[12.8273,52.2895]],"crs":{"type":"name","properties":{"name":"EPSG:4326"}}},{"type":"Point","coordinates":[0.92655367,0.89344262],"crs":{"type":"name","properties":{"name":"EPSG:0"}}}
9f1cfaf1-4a07-451e-a1d4-2113fe65e8b2,Standard,f1cef042-1fc4-4bd8-b17f-dfbded4f2aaa,{"type":"LineString","coordinates":[[7.4116482,51.4843281],[7.4116482,51.4843281]],"crs":{"type":"name","properties":{"name":"EPSG:4326"}}},{"type":"Point","coordinates":[0.89265537,0.77868852],"crs":{"type":"name","properties":{"name":"EPSG:0"}}}
30a60292-f650-47fb-8281-cffda93a6529,Standard,6bc0dda8-25f4-48a6-9645-21e1eed5c6ff,{"type":"LineString","coordinates":[[7.4116482,51.4843281],[7.4116482,51.4843281]],"crs":{"type":"name","properties":{"name":"EPSG:4326"}}},{"type":"Point","coordinates":[0.88135593,0.67213115],"crs":{"type":"name","properties":{"name":"EPSG:0"}}}
ea121065-66b3-4d29-ad6c-f4f3b34552a0,Standard,bdf97a4d-622c-4251-8183-8b1a696f376e,{"type":"LineString","coordinates":[[7.4116482,51.4843281],[7.4116482,51.4843281]],"crs":{"type":"name","properties":{"name":"EPSG:4326"}}},{"type":"Point","coordinates":[0.82485876,0.67213115],"crs":{"type":"name","properties":{"name":"EPSG:0"}}}
cb82c2a6-ea8d-4f49-a6aa-9b615295945d,Standard,15345698-c319-461f-b969-37d50fb84220,{"type":"LineString","coordinates":[[7.4116482,51.4843281],[7.4116482,51.4843281]],"crs":{"type":"name","properties":{"name":"EPSG:4326"}}},{"type":"Point","coordinates":[0.6440678,0.67213115],"crs":{"type":"name","properties":{"name":"EPSG:0"}}}
9cc54a0e-640d-4d9b-a163-8dedb0bbd7f3,Standard,8b92ad35-8b0a-49b9-9f66-f42ddfeb9c65,{"type":"LineString","coordinates":[[12.8273,52.2895],[12.8273,52.2895]],"crs":{"type":"name","properties":{"name":"EPSG:4326"}}},{"type":"Point","coordinates":[0.93785311,0.67213115],"crs":{"type":"name","properties":{"name":"EPSG:0"}}}
a4b9788d-431a-414a-b3ac-809fca527237,Standard,b237dd88-bcba-4a7c-aee6-c0c3e151e14e,{"type":"LineString","coordinates":[[7.4116482,51.4843281],[7.4116482,51.4843281]],"crs":{"type":"name","properties":{"name":"EPSG:4326"}}},{"type":"Point","coordinates":[0.9039548,0.89344262],"crs":{"type":"name","properties":{"name":"EPSG:0"}}}
eb238e09-ce22-4dcc-86ed-20a584fb6b32,Standard,9aaf57c4-cc5c-4a01-8c2c-72bc7e231cc9,{"type":"LineString","coordinates":[[7.4116482,51.4843281],[7.4116482,51.4843281]],"crs":{"type":"name","properties":{"name":"EPSG:4326"}}},{"type":"Point","coordinates":[0.81355932,0.77868852],"crs":{"type":"name","properties":{"name":"EPSG:0"}}}
cc1b56ed-aabe-4d4d-8450-44e4412cda84,Standard,1f040625-ad1d-409f-bd7e-944c4d805e46,{"type":"LineString","coordinates":[[7.4116482,51.4843281],[7.4116482,51.4843281]],"crs":{"type":"name","properties":{"name":"EPSG:4326"}}},{"type":"Point","coordinates":[0.72316384,0.89344262],"crs":{"type":"name","properties":{"name":"EPSG:0"}}}
b392f548-3eb5-4d17-a320-fda6305fff89,Standard,67c1746c-3af8-403f-983e-1c7c047383df,{"type":"LineString","coordinates":[[7.4116482,51.4843281],[7.4116482,51.4843281]],"crs":{"type":"name","properties":{"name":"EPSG:4326"}}},{"type":"Point","coordinates":[0.85875706,0.89344262],"crs":{"type":"name","properties":{"name":"EPSG:0"}}}
5145b6ec-0d37-480d-a7de-9b169d5ab62d,Standard,904c7476-5f16-4ec2-9138-7d5e32d38a3b,{"type":"LineString","coordinates":[[7.4116482,51.4843281],[7.4116482,51.4843281]],"crs":{"type":"name","properties":{"name":"EPSG:4326"}}},{"type":"Point","coordinates":[0.71186441,0.96721311],"crs":{"type":"name","properties":{"name":"EPSG:0"}}}
fd046e8b-2547-4a89-a298-9539b65a2f27,Standard,0d94a5ea-3a13-48ba-a27f-b2903841c334,{"type":"LineString","coordinates":[[7.4116482,51.4843281],[7.4116482,51.4843281]],"crs":{"type":"name","properties":{"name":"EPSG:4326"}}},{"type":"Point","coordinates":[0.74576271,0.89344262],"crs":{"type":"name","properties":{"name":"EPSG:0"}}}
30526653-5558-4ad9-b2d4-826aca8af99d,Standard,0f3ba59d-a9ce-4669-aa12-bebec42238b7,{"type":"LineString","coordinates":[[7.4116482,51.4843281],[7.4116482,51.4843281]],"crs":{"type":"name","properties":{"name":"EPSG:4326"}}},{"type":"Point","coordinates":[0.77966102,0.67213115],"crs":{"type":"name","properties":{"name":"EPSG:0"}}}
aa57fd6a-7f6d-45df-aa28-1dc626abe782,Standard,d82fae59-844a-4c85-997e-326dd876137c,{"type":"LineString","coordinates":[[7.4116482,51.4843281],[7.4116482,51.4843281]],"crs":{"type":"name","properties":{"name":"EPSG:4326"}}},{"type":"Point","coordinates":[0.80225989,0.77868852],"crs":{"type":"name","properties":{"name":"EPSG:0"}}}
f5cbde9f-522f-4b81-9093-d648274afcee,Standard,bd288184-99d8-4233-bb3d-484f3922200a,{"type":"LineString","coordinates":[[7.4116482,51.4843281],[7.4116482,51.4843281]],"crs":{"type":"name","properties":{"name":"EPSG:4326"}}},{"type":"Point","coordinates":[0.6779661,0.67213115],"crs":{"type":"name","properties":{"name":"EPSG:0"}}}
65acfa71-ccb9-4c73-8869-d24e740f3652,Standard,3ec2f2a0-36a3-4d11-88ee-cc4df001e876,{"type":"LineString","coordinates":[[7.4116482,51.4843281],[7.4116482,51.4843281]],"crs":{"type":"name","properties":{"name":"EPSG:4326"}}},{"type":"Point","coordinates":[0.79096045,0.67213115],"crs":{"type":"name","properties":{"name":"EPSG:0"}}}
3df7db14-eec4-45ba-93df-fb179ede15ef,Standard,dd9d4153-c56f-4457-ad5e-46a48d4486b6,{"type":"LineString","coordinates":[[12.8273,52.2895],[12.8273,52.2895]],"crs":{"type":"name","properties":{"name":"EPSG:4326"}}},{"type":"Point","coordinates":[0.89265537,0.89344262],"crs":{"type":"name","properties":{"name":"EPSG:0"}}}
f6580db8-09e2-48fa-b605-fe25866616b1,Standard,c72a08bc-4685-49b1-b8ef-803aebc8c388,{"type":"LineString","coordinates":[[7.4116482,51.4843281],[7.4116482,51.4843281]],"crs":{"type":"name","properties":{"name":"EPSG:4326"}}},{"type":"Point","coordinates":[0.65536723,0.67213115],"crs":{"type":"name","properties":{"name":"EPSG:0"}}}
6b88508e-ab70-4026-ac4a-8effa4b83d2d,Standard,ab3645a7-af26-480d-b1bd-5b0fa00dc83f,{"type":"LineString","coordinates":[[7.4116482,51.4843281],[7.4116482,51.4843281]],"crs":{"type":"name","properties":{"name":"EPSG:4326"}}},{"type":"Point","coordinates":[0.91525424,0.89344262],"crs":{"type":"name","properties":{"name":"EPSG:0"}}}
5be3829e-2848-4b72-9cb6-61aefec4e172,Standard,970cf93c-36c5-4938-a7e4-3f184a7035f0,{"type":"LineString","coordinates":[[12.8273,52.2895],[12.8273,52.2895]],"crs":{"type":"name","properties":{"name":"EPSG:4326"}}},{"type":"Point","coordinates":[0.70056497,0.77868852],"crs":{"type":"name","properties":{"name":"EPSG:0"}}}
8cd97a28-625a-4d1b-8f3d-214986ed1ae3,Standard,7cff7ac7-2d18-4c4c-8e1b-893bb050c1ed,{"type":"LineString","coordinates":[[7.4116482,51.4843281],[7.4116482,51.4843281]],"crs":{"type":"name","properties":{"name":"EPSG:4326"}}},{"type":"Point","coordinates":[0.63276836,0.67213115],"crs":{"type":"name","properties":{"name":"EPSG:0"}}}
4a7746dc-01ce-4dd4-94b3-0778d9ded0b9,Standard,666757e2-292e-473c-ac9c-04c0786574bc,{"type":"LineString","coordinates":[[12.8273,52.2895],[12.8273,52.2895]],"crs":{"type":"name","properties":{"name":"EPSG:4326"}}},{"type":"Point","coordinates":[0.81355932,0.89344262],"crs":{"type":"name","properties":{"name":"EPSG:0"}}}
ea7ae0ca-7ddb-4d6d-bf0a-4285fe70aee4,Standard,fd3b7bb8-3976-4441-9211-745243afd80f,{"type":"LineString","coordinates":[[12.8273,52.2895],[12.8273,52.2895]],"crs":{"type":"name","properties":{"name":"EPSG:4326"}}},{"type":"Point","coordinates":[0.61016949,0.67213115],"crs":{"type":"name","properties":{"name":"EPSG:0"}}}
00783c26-0fc0-4b48-b470-dc44e8599a28,Standard,6c24b464-790a-4aae-bb11-766718f07cd5,{"type":"LineString","coordinates":[[12.8273,52.2895],[12.8273,52.2895]],"crs":{"type":"name","properties":{"name":"EPSG:4326"}}},{"type":"Point","coordinates":[0.82485876,0.89344262],"crs":{"type":"name","properties":{"name":"EPSG:0"}}}
6aa9dcf5-cfca-47f7-ae51-1c251a7a6a4e,Standard,a5c73608-5a85-495d-bea0-df77b6ce66ea,{"type":"LineString","coordinates":[[7.4116482,51.4843281],[7.4116482,51.4843281]],"crs":{"type":"name","properties":{"name":"EPSG:4326"}}},{"type":"Point","coordinates":[0.8700565,0.77868852],"crs":{"type":"name","properties":{"name":"EPSG:0"}}}
dc081e8a-4fe0-4bf1-b215-67e1454eae93,Standard,543f7e9f-b9be-486b-b365-2bae79010758,{"type":"LineString","coordinates":[[7.4116482,51.4843281],[7.4116482,51.4843281]],"crs":{"type":"name","properties":{"name":"EPSG:4326"}}},{"type":"Point","coordinates":[0.77966102,0.98360656],"crs":{"type":"name","properties":{"name":"EPSG:0"}}}
5f72658c-b370-4424-b2b1-61c5368a6b9a,Standard,011e3794-3341-4376-839c-3f5a452e15ab,{"type":"LineString","coordinates":[[7.4116482,51.4843281],[7.4116482,51.4843281]],"crs":{"type":"name","properties":{"name":"EPSG:4326"}}},{"type":"Point","coordinates":[0.68926554,0.77868852],"crs":{"type":"name","properties":{"name":"EPSG:0"}}}
03e41436-72f8-4b2e-9340-52ba4d8e094b,Standard,f8dd541b-4a4d-417e-89ff-a9650ee3aac2,{"type":"LineString","coordinates":[[12.8273,52.2895],[12.8273,52.2895]],"crs":{"type":"name","properties":{"name":"EPSG:4326"}}},{"type":"Point","coordinates":[0.81355932,0.57377049],"crs":{"type":"name","properties":{"name":"EPSG:0"}}}
8a1d7137-26e1-478e-a16c-2b4df1c762c1,Standard,f5ae3279-fe21-4bb7-849a-eaacb0546b0e,{"type":"LineString","coordinates":[[12.8273,52.2895],[12.8273,52.2895]],"crs":{"type":"name","properties":{"name":"EPSG:4326"}}},{"type":"Point","coordinates":[0.76836158,0.96721311],"crs":{"type":"name","properties":{"name":"EPSG:0"}}}
bb372eec-e66c-4eed-b87d-15370feab1be,Standard,ba0b3e4b-85e1-4b45-8863-fbfe11c9b69c,{"type":"LineString","coordinates":[[7.4116482,51.4843281],[7.4116482,51.4843281]],"crs":{"type":"name","properties":{"name":"EPSG:4326"}}},{"type":"Point","coordinates":[0.71186441,0.67213115],"crs":{"type":"name","properties":{"name":"EPSG:0"}}}
e30fc0e0-dddb-45f5-8f35-82e943889a1c,Standard,b5548457-5923-4d52-b3c9-fdb75a1df98e,{"type":"LineString","coordinates":[[7.4116482,51.4843281],[7.4116482,51.4843281]],"crs":{"type":"name","properties":{"name":"EPSG:4326"}}},{"type":"Point","coordinates":[0.92655367,0.57377049],"crs":{"type":"name","properties":{"name":"EPSG:0"}}}
91942a3f-4bd9-472c-9691-426a6cf5314d,Standard,576840db-7d3c-417b-b587-28b222e740e1,{"type":"LineString","coordinates":[[7.4116482,51.4843281],[7.4116482,51.4843281]],"crs":{"type":"name","properties":{"name":"EPSG:4326"}}},{"type":"Point","coordinates":[0.75706215,0.57377049],"crs":{"type":"name","properties":{"name":"EPSG:0"}}}
50374589-78cb-4189-9eb2-a8ec907ca696,Standard,bd292f64-65e8-42ec-9b78-b9b9f013750e,{"type":"LineString","coordinates":[[12.8273,52.2895],[12.8273,52.2895]],"crs":{"type":"name","properties":{"name":"EPSG:4326"}}},{"type":"Point","coordinates":[0.73446328,0.77868852],"crs":{"type":"name","properties":{"name":"EPSG:0"}}}
dfe18a4b-8980-40fc-9a77-69a6b5da930d,Standard,01bdd8b2-145f-42b3-80e3-a2366dea1044,{"type":"LineString","coordinates":[[7.4116482,51.4843281],[7.4116482,51.4843281]],"crs":{"type":"name","properties":{"name":"EPSG:4326"}}},{"type":"Point","coordinates":[0.9039548,0.67213115],"crs":{"type":"name","properties":{"name":"EPSG:0"}}}
eed131cc-2b83-48b9-a185-4155c09ea4e1,Standard,5862f526-783a-4218-a463-3cbf5de8dade,{"type":"LineString","coordinates":[[7.4116482,51.4843281],[7.4116482,51.4843281]],"crs":{"type":"name","properties":{"name":"EPSG:4326"}}},{"type":"Point","coordinates":[0.72316384,0.77868852],"crs":{"type":"name","properties":{"name":"EPSG:0"}}}
5dc5e9c0-f62a-40f0-a52e-8dfe9d145291,Standard,d7023c15-adb7-4d56-9f86-b182611a47ef,{"type":"LineString","coordinates":[[7.4116482,51.4843281],[7.4116482,51.4843281]],"crs":{"type":"name","properties":{"name":"EPSG:4326"}}},{"type":"Point","coordinates":[0.9039548,0.57377049],"crs":{"type":"name","properties":{"name":"EPSG:0"}}}
a53441bb-a915-45e2-a9af-73517ddaf34a,Standard,8b3e3802-5213-46d0-a498-15eb6e5852b5,{"type":"LineString","coordinates":[[7.4116482,51.4843281],[7.4116482,51.4843281]],"crs":{"type":"name","properties":{"name":"EPSG:4326"}}},{"type":"Point","coordinates":[0.82485876,0.57377049],"crs":{"type":"name","properties":{"name":"EPSG:0"}}}
4eff33f2-6d61-4d4e-a086-5d7ef49ce257,Standard,4632291f-80d7-4e4a-9dc9-5c0fd0c56312,{"type":"LineString","coordinates":[[12.8273,52.2895],[12.8273,52.2895]],"crs":{"type":"name","properties":{"name":"EPSG:4326"}}},{"type":"Point","coordinates":[0.85875706,0.67213115],"crs":{"type":"name","properties":{"name":"EPSG:0"}}}
c19514ea-fa93-4979-bf9d-23fafe71eac2,Standard,0228ffcd-f6bc-47c8-b26c-fcc0abacd963,{"type":"LineString","coordinates":[[7.4116482,51.4843281],[7.4116482,51.4843281]],"crs":{"type":"name","properties":{"name":"EPSG:4326"}}},{"type":"Point","coordinates":[0.91525424,0.77868852],"crs":{"type":"name","properties":{"name":"EPSG:0"}}}
b7477d53-b5db-41d6-9e70-3628e24d5a3d,Standard,033d0230-4aee-47cf-91f9-81f5f40e60b0,{"type":"LineString","coordinates":[[7.4116482,51.4843281],[7.4116482,51.4843281]],"crs":{"type":"name","properties":{"name":"EPSG:4326"}}},{"type":"Point","coordinates":[0.77966102,0.96721311],"crs":{"type":"name","properties":{"name":"EPSG:0"}}}
b0d59363-291f-4fb2-a555-0f24126e45f4,Standard,49dcfc70-76ca-4f6f-83f7-0bc2aab1ae34,{"type":"LineString","coordinates":[[12.8273,52.2895],[12.8273,52.2895]],"crs":{"type":"name","properties":{"name":"EPSG:4326"}}},{"type":"Point","coordinates":[0.89265537,0.57377049],"crs":{"type":"name","properties":{"name":"EPSG:0"}}}
b8697183-05ca-4701-a2e3-d0d25be61acd,Standard,41414318-73e3-4bdc-8147-570a96b28d37,{"type":"LineString","coordinates":[[7.4116482,51.4843281],[7.4116482,51.4843281]],"crs":{"type":"name","properties":{"name":"EPSG:4326"}}},{"type":"Point","coordinates":[0.85875706,0.77868852],"crs":{"type":"name","properties":{"name":"EPSG:0"}}}
bda2cf93-a2a9-4620-b67b-4280991653b3,Standard,09ac8949-2b79-41d7-b56f-a58f20036df2,{"type":"LineString","coordinates":[[7.4116482,51.4843281],[7.4116482,51.4843281]],"crs":{"type":"name","properties":{"name":"EPSG:4326"}}},{"type":"Point","coordinates":[0.75706215,0.89344262],"crs":{"type":"name","properties":{"name":"EPSG:0"}}}
c94b74dd-5f70-4203-a9ee-76452e5d8c28,Standard,32507a10-1eed-4a3f-820c-bc187f3b052e,{"type":"LineString","coordinates":[[7.4116482,51.4843281],[7.4116482,51.4843281]],"crs":{"type":"name","properties":{"name":"EPSG:4326"}}},{"type":"Point","coordinates":[0.72316384,0.96721311],"crs":{"type":"name","properties":{"name":"EPSG:0"}}}
f53a49a2-00a5-45cf-8734-476821a46456,Standard,2f921888-36d3-4c88-a8aa-1ecbdc62b9c4,{"type":"LineString","coordinates":[[12.8273,52.2895],[12.8273,52.2895]],"crs":{"type":"name","properties":{"name":"EPSG:4326"}}},{"type":"Point","coordinates":[0.73446328,0.89344262],"crs":{"type":"name","properties":{"name":"EPSG:0"}}}
69b740cc-a143-4e1b-bfa6-22f8baa163d1,Standard,b608d71e-3ede-4156-a015-3f6e1d22242a,{"type":"LineString","coordinates":[[7.4116482,51.4843281],[7.4116482,51.4843281]],"crs":{"type":"name","properties":{"name":"EPSG:4326"}}},{"type":"Point","coordinates":[0.80225989,0.57377049],"crs":{"type":"name","properties":{"name":"EPSG:0"}}}
6c94d627-6100-4aec-9a3e-6e04edf1d2fc,Standard,69efeb2d-9845-49ac-8500-5e017a7a64ef,{"type":"LineString","coordinates":[[7.4116482,51.4843281],[7.4116482,51.4843281]],"crs":{"type":"name","properties":{"name":"EPSG:4326"}}},{"type":"Point","coordinates":[0.94915254,0.77868852],"crs":{"type":"name","properties":{"name":"EPSG:0"}}}
83c21903-e94d-4b2a-a933-8cc984d28f24,Standard,ce71377d-63ea-462a-9290-67e51946a098,{"type":"LineString","coordinates":[[7.4116482,51.4843281],[7.4116482,51.4843281]],"crs":{"type":"name","properties":{"name":"EPSG:4326"}}},{"type":"Point","coordinates":[0.91525424,0.67213115],"crs":{"type":"name","properties":{"name":"EPSG:0"}}}
c8f7abaa-75e8-4899-8af7-fbd1ac8702d3,Standard,0db6e581-37e9-4254-aed8-d5cdf66819f9,{"type":"LineString","coordinates":[[7.4116482,51.4843281],[7.4116482,51.4843281]],"crs":{"type":"name","properties":{"name":"EPSG:4326"}}},{"type":"Point","coordinates":[0.83615819,0.89344262],"crs":{"type":"name","properties":{"name":"EPSG:0"}}}
2a1e5940-c981-4e19-b8b3-c9816f9b0da1,Standard,6dd72a1e-2a79-4cde-b2fc-92bc9a83032a,{"type":"LineString","coordinates":[[7.4116482,51.4843281],[7.4116482,51.4843281]],"crs":{"type":"name","properties":{"name":"EPSG:4326"}}},{"type":"Point","coordinates":[0.8700565,0.57377049],"crs":{"type":"name","properties":{"name":"EPSG:0"}}}
a7bdd616-a136-4976-b595-1524c333aac5,Standard,f2d03b34-9595-4819-a00b-ff9ddd92eb07,{"type":"LineString","coordinates":[[12.8273,52.2895],[12.8273,52.2895]],"crs":{"type":"name","properties":{"name":"EPSG:4326"}}},{"type":"Point","coordinates":[0.77966102,0.57377049],"crs":{"type":"name","properties":{"name":"EPSG:0"}}}
69e69cb7-363b-4bb7-b77b-60b08a58f7fe,Standard,155bb2dc-0121-413e-ab42-67c2ed5ce6ea,{"type":"LineString","coordinates":[[12.8273,52.2895],[12.8273,52.2895]],"crs":{"type":"name","properties":{"name":"EPSG:4326"}}},{"type":"Point","coordinates":[0.93785311,0.52459016],"crs":{"type":"name","properties":{"name":"EPSG:0"}}}
22a77b21-4c00-4c39-916e-0d442518c9aa,Standard,3dec12fd-3dc6-481d-be05-8df9df7f0c5d,{"type":"LineString","coordinates":[[7.4116482,51.4843281],[7.4116482,51.4843281]],"crs":{"type":"name","properties":{"name":"EPSG:4326"}}},{"type":"Point","coordinates":[0.81355932,0.67213115],"crs":{"type":"name","properties":{"name":"EPSG:0"}}}
7eb3ff43-5237-4a87-8a83-05e6fab5f6e5,Standard,2aa2d409-8bb2-477d-ac7a-6439552e136a,{"type":"LineString","coordinates":[[12.8273,52.2895],[12.8273,52.2895]],"crs":{"type":"name","properties":{"name":"EPSG:4326"}}},{"type":"Point","coordinates":[0.74576271,0.77868852],"crs":{"type":"name","properties":{"name":"EPSG:0"}}}
36508d00-e1b3-4df2-a168-e83c84196b35,Standard,5071dd8c-bbc1-4c8d-a180-4492f80e183d,{"type":"LineString","coordinates":[[7.4116482,51.4843281],[7.4116482,51.4843281]],"crs":{"type":"name","properties":{"name":"EPSG:4326"}}},{"type":"Point","coordinates":[0.9039548,0.77868852],"crs":{"type":"name","properties":{"name":"EPSG:0"}}}
2db9a259-6929-4f7e-b1b4-e0bdb86cd09d,Standard,fa6d5184-b205-4b1b-839f-7b21ac956c29,{"type":"LineString","coordinates":[[0.20338983,0.04098361],[0.23728814,0.04098361]],"crs":{"type":"name","properties":{"name":"EPSG:4326"}}},{"type":"Point","coordinates":[7.4116482,51.4843281],"crs":{"type":"name","properties":{"name":"EPSG:4326"}}}
1f187c3f-498b-4c02-89ed-e7b03ad410fd,Standard,fd4f6232-c28d-4fc3-81dd-03b84aad695e,{"type":"LineString","coordinates":[[12.8273,52.2895],[12.8273,52.2895]],"crs":{"type":"name","properties":{"name":"EPSG:4326"}}},{"type":"Point","coordinates":[0.77966102,1],"crs":{"type":"name","properties":{"name":"EPSG:0"}}}
a7344637-1266-45f3-af15-ca5dfe9d77c5,Standard,205fcee1-928c-4374-950c-34575f07fa49,{"type":"LineString","coordinates":[[7.4116482,51.4843281],[7.4116482,51.4843281]],"crs":{"type":"name","properties":{"name":"EPSG:4326"}}},{"type":"Point","coordinates":[0.63276836,0.89344262],"crs":{"type":"name","properties":{"name":"EPSG:0"}}}
4b969595-3d78-432a-b244-9a6f984a3bd5,Standard,bd8c7d3d-e830-4a46-bf78-0086ce24909f,{"type":"LineString","coordinates":[[7.4116482,51.4843281],[7.4116482,51.4843281]],"crs":{"type":"name","properties":{"name":"EPSG:4326"}}},{"type":"Point","coordinates":[0.88135593,0.89344262],"crs":{"type":"name","properties":{"name":"EPSG:0"}}}
